Code.INSEE,Code.postal,Libellé.géographique,Dep,occurrence,total.Club.sportif,Population,TauxBac,Salaire,TauxChomage,TauxOuvrier,StatutCommune
1028,1990,Baneins,1,1,4,583,36.3636363636,19087,7.07070707071,27.6094276094,R
1053,1000,Bourg-en-Bresse,1,2,118,2503,41.1731528483,20087,8.11930405965,26.5948632974,C
1155,1230,Évosges,1,1,NA,135,41.3461538462,16600,11.7647058824,39.7058823529,R
1250,1600,Misérieux,1,1,5,1745,47.7072310406,22918,6.26423690205,20.6150341686,B
1254,1250,Montagnat,1,1,11,1614,47.982832618,23631,3.19018404908,15.4601226994,C
1397,1220,Sauverny,1,1,4,1083,54.0682414698,26084,6.95970695971,17.5824175824,R
1451,1440,Viriat,1,1,25,4176,37.0013297872,20388,4.37375745527,20.6262425447,B
2008,2370,Aizy-Jouy,2,1,1,274,37.5661375661,16839,9.77443609023,30.0751879699,R
2288,2100,Essigny-le-Petit,2,2,1,368,29.1044776119,17397,12.5786163522,27.0440251572,R
2536,2200,Nampteuil-sous-Muret,2,1,NA,80,24.5614035088,17845,12.5,37.5,R
2707,2410,Septvaux,2,1,1,204,28.3687943262,16335,17.1717171717,32.3232323232,R
2808,2420,Villeret,2,1,2,314,21.2389380531,14522,21.0526315789,34.2105263158,R
3044,3700,Brugheas,3,1,2,1327,33.7548638132,18786,7.91599353796,27.6252019386,R
3056,3300,La Chapelle,3,1,2,382,32.8671328671,14478,6.58682634731,7.18562874252,R
3140,3100,Lavault-Sainte-Anne,3,1,4,1197,34.1907824223,19525,9.83263598326,31.589958159,B
3233,3310,Saint-Genest,3,1,62,349,30.3149606299,17141,9.71428571429,28,R
3306,3200,Le Vernet,3,1,6,1858,46.7870036101,20337,8.41983852364,21.2226066897,B
4028,4270,Beynes,4,1,NA,122,54.7368421053,14647,15.2542372881,6.77966101695,R
4046,4510,Le Chaffaut-Saint-Jurson,4,1,1,731,48.1012658228,18692,7.04225352113,15.4929577465,R
4063,4220,Corbières-en-Provence,4,1,3,968,43.621399177,19736,8.31556503198,22.3880597015,B
4091,4310,Ganagobie,4,1,NA,110,46.5909090909,16933,15.2542372881,22.0338983051,R
4112,4100,Manosque,4,1,64,1999,44.04536862,19730,13.2121212121,18.303030303,C
4211,4290,Sourribes,4,1,NA,173,29.1044776119,15791,7.95454545455,40.9090909091,R
4245,4130,Volx,4,2,9,2953,41.6363636364,18958,8.33333333333,22.1450617284,I
5018,5000,La Bâtie-Vieille,5,5,1,278,58.4905660377,22076,8.63309352518,5.75539568345,R
5098,5200,Les Orres,5,2,4,511,42.1428571429,19137,4.72440944882,15.7480314961,R
6029,6400,Cannes,6,1,135,3192,50.3841931943,24346,14.6034816248,11.8955512573,B
6030,6110,Le Cannet,6,3,40,1990,44.2345276873,19805,8.90868596882,10.1336302895,B
6035,6500,Castellar,6,1,4,980,44.708994709,22347,10.2615694165,23.3400402414,B
6079,6210,Mandelieu-la-Napoule,6,1,58,2481,40.221987315,22300,9.28270042194,19.4092827004,B
6088,6200,Nice,6,3,716,2507,46.2909718229,15643,16.5923282783,14.9866190901,C
6088,6000,Nice,6,4,716,2507,46.2909718229,15643,16.5923282783,14.9866190901,C
6088,6100,Nice,6,2,716,2507,46.2909718229,15643,16.5923282783,14.9866190901,C
6088,6300,Nice,6,1,716,2507,46.2909718229,15643,16.5923282783,14.9866190901,C
6088,6130,Nice,6,2,716,2507,46.2909718229,15643,16.5923282783,14.9866190901,C
6095,6530,Peymeinade,6,1,18,2310,49.4292237443,21964,7.57420675537,11.8730808598,B
6122,6640,Saint-Jeannet,6,1,10,3669,50.310786106,24009,7.39795918367,11.4795918367,B
6123,6700,Saint-Laurent-du-Var,6,1,61,2853,45.3103126458,17309,10.4487608841,17.8164768922,B
6128,6570,Saint-Paul-de-Vence,6,1,7,3481,57.8065498858,24338,9.20613742495,10.1400933956,B
6152,6560,Valbonne,6,1,43,2016,64.263803681,29106,6.88124306326,7.88013318535,B
6155,6220,Vallauris,6,2,39,2757,44.2335073564,17694,15.5963302752,18.1818181818,B
7102,7500,Guilherand-Granges,7,1,37,3541,41.5523465704,19173,7.24094881398,20.0998751561,B
7223,7380,Saint-Cirgues-de-Prades,7,1,NA,129,36.3636363636,18372,9.3023255814,18.6046511628,R
7230,7200,Saint-Étienne-de-Boulogne,7,1,2,356,43.7037037037,15222,8.125,20.625,R
7278,7360,Saint-Michel-de-Chabrillanoux,7,1,1,359,41.6666666667,13692,18.2389937107,22.641509434,R
7288,7000,Saint-Priest,7,2,3,1253,41.0087719298,19709,6.02605863192,15.9609120521,B
8028,8320,Aubrives,8,1,3,879,30.1369863014,16238,15.671641791,34.8258706468,R
8196,8270,Grandchamp,8,1,NA,101,18.9873417722,15604,2.5,45,R
8202,8230,Gué-d'Hossus,8,1,NA,519,29.0726817043,16741,10.0401606426,31.7269076305,B
8232,8200,Illy,8,1,1,404,32.7868852459,18477,11.3300492611,35.4679802956,R
8385,8090,Saint-Laurent,8,2,3,1209,44.1952506596,20804,9.15619389587,16.5170556553,B
8400,8160,Sapogne-et-Feuchères,8,1,1,509,37.7777777778,18579,7.59493670886,32.9113924051,R
8480,8000,Villers-Semeuse,8,2,16,3286,32.4568611339,18002,12.1132323897,34.3647136274,B
9013,9000,Arabaux,9,2,NA,63,62.962962963,18616,5.71428571429,25.7142857143,R
10020,10400,Avant-lès-Marcilly,10,1,NA,493,28.4122562674,20318,10.7142857143,42.8571428571,R
10095,10700,Le Chêne,10,1,NA,254,21.875,18333,12,42.4,R
10161,10200,Fresnay,10,1,NA,42,42.8571428571,17965,0,0,R
10240,10190,Messon,10,1,1,440,50.3205128205,22353,11.9658119658,23.0769230769,R
10333,10120,Saint-André-les-Vergers,10,1,20,1032,45.9390862944,21401,7.36434108527,18.992248062,B
10352,10150,Sainte-Maure,10,2,7,1417,38.8616290481,21985,5.92,17.28,B
10387,10000,Troyes,10,2,177,2426,23.4643734644,8505,32.0207253886,45.0777202073,C
11037,11000,Berriac,11,9,3,868,20.7667731629,11137,22.4657534247,34.2465753425,B
11067,11200,Canet,11,1,2,1327,32.5490196078,15453,14.3362831858,24.9557522124,R
11170,11430,Gruissan,11,1,27,4543,40.1237890205,16475,19.1467221644,20.2393340271,I
11193,11270,Lasserre-de-Prouille,11,1,NA,238,37.9120879121,16344,13.5922330097,32.0388349515,R
11262,11100,Narbonne,11,1,134,2286,24.5294474803,14424,18.3333333333,27.5555555556,I
11295,11490,Portel-des-Corbières,11,1,5,1165,38.9013452915,15617,9.68309859155,21.3028169014,R
11415,11250,Villar-Saint-Anselme,11,1,NA,94,25.3333333333,16029,9.75609756098,0,R
11429,11620,Villemoustaussou,11,1,13,3247,42.1701112878,19980,10.1889338731,15.3171390013,C
12030,12300,Bouillac,12,1,3,433,32,16079,9.34065934066,19.7802197802,R
12202,12000,Rodez,12,2,111,1421,43.4857635893,18215,4.27215189873,24.5253164557,C
12299,12430,Villefranche-de-Panat,12,1,4,771,26.368159204,14767,6.10932475884,20.2572347267,R
12305,12110,Viviez,12,1,2,1385,25,15620,9.45709281961,43.0823117338,B
13001,13090,Aix-en-Provence,13,4,301,2952,62.9078694818,26792,8.65312264861,8.27689992476,B
13002,13190,Allauch,13,2,44,3538,55.1616673159,24915,7.20779220779,9.28571428571,B
13013,13720,Belcodène,13,1,5,1791,51.9678714859,25344,7.2202166065,16.0048134777,R
13028,13600,La Ciotat,13,2,103,1898,38.0112834979,16459,19.9296600234,18.9917936694,B
13029,13250,Cornillon-Confoux,13,1,5,1339,54.8289738431,22942,8.54961832061,11.7557251908,R
13032,13510,Éguilles,13,1,20,2198,56.4741641337,25825,8.67346938776,13.0612244898,B
13033,13820,Ensuès-la-Redonne,13,1,15,5197,51.6206163656,24115,10.125588697,12.5588697017,I
13037,13580,La Fare-les-Oliviers,13,1,21,2184,40.2271368799,21590,8.29268292683,24,I
13047,13800,Istres,13,1,118,2205,35.4430379747,15248,19.2585895118,24.773960217,B
13048,13490,Jouques,13,1,12,4127,48.7394957983,20892,9.98964803313,17.5465838509,B
13056,13500,Martigues,13,1,117,2847,39.6479463537,15258,15.7859078591,23.7127371274,B
13063,13140,Miramas,13,1,73,2790,23.2069970845,9158,24.298245614,48.5087719298,B
13086,13360,Roquevaire,13,1,20,2082,46.7648942985,21873,9.05391658189,13.3265513733,B
13087,13790,Rousset,13,1,15,4393,51.7196200459,21040,9.33869526363,16.6219839142,B
13090,13100,Saint-Antonin-sur-Bayon,13,1,1,142,75.652173913,29552,3.50877192982,21.0526315789,R
13091,13760,Saint-Cannat,13,1,20,5470,47.4004565052,22498,9.8997995992,15.0701402806,I
13108,13150,Tarascon,13,2,30,2033,35.3325415677,16210,10.8938547486,21.9273743017,B
13113,13770,Venelles,13,2,23,2542,67.5268817204,24987,7.24258289703,7.24258289703,B
13117,13127,Vitrolles,13,1,74,128,51.1904761905,17206,7.05882352941,20,B
13118,13111,Coudoux,13,1,9,3447,54.5609548167,24031,7.22154222766,11.3219094247,I
13119,13470,Carnoux-en-Provence,13,1,22,2613,58.3333333333,22658,8.5036794767,10.7931316435,I
13201,13001,Marseille 1er Arrondissement,13,4,301,2591,54.178842782000000,14749.0,26.728826728800000,14.8407148407,C
13202,13002,Marseille 2e Arrondissement,13,1,44,1711,12.2149837134,4743.0,54.132231405,45.7300275482,C
13203,13003,Marseille 3e Arrondissement,13,4,4,2847,26.280737704900000,8641.0,28.8848263254,28.7934186472,C
13204,13004,Marseille 4e Arrondissement,13,5,110,2441,35.4415274463,14562.0,15.6807511737,20.2816901408,C
13205,13005,Marseille 5e Arrondissement,13,3,114,3237,50.6199460916,18092.0,13.887086307600000,12.9136924075,C
13206,13006,Marseille 6e Arrondissement,13,3,6,3946,59.459459459500000,18835.0,15.3281096964,12.8305582762,C
13208,13008,Marseille 8e Arrondissement,13,6,NA,2207,55.8113419427,23136.0,10.2272727273,10.321969697,C
13209,13009,Marseille 9e Arrondissement,13,5,4,2968,56.8564920273,23302.0,6.66666666667,10.329670329700000,C
13210,13010,Marseille 10e Arrondissement,13,4,18,2008,23.2996632997,16352.0,23.4472049689,27.173913043500000,C
13212,13012,Marseille 12e Arrondissement,13,2,2,2636,47.3350923483,22397.0,9.71843778383,11.9891008174,C
13213,13013,Marseille 13e Arrondissement,13,4,5,2214,33.230958231,15696.0,18.9138576779,29.026217228500000,C
13216,13016,Marseille 16e Arrondissement,13,1,6,3275,28.577512776800000,12573.0,19.084561675700000,29.7129557797,C
14003,14400,Agy,14,1,NA,242,34.5744680851,20346,4.95867768595,16.5289256198,R
14066,14990,Bernières-sur-Mer,14,1,13,2351,39.8174557901,19166,9.55109837631,14.4221585482,B
14068,14112,Biéville-Beuville,14,1,10,2533,54.6623794212,26625,6.37707948244,6.28465804067,I
14118,14000,Caen,14,3,236,2389,65.0594451783,20738,14.9686520376,14.0282131661,C
14164,14320,NA,NA,1,3,NA,NA,NA,NA,NA,R
14181,14123,Cormelles-le-Royal,14,1,14,12,71.4285714286,19484,0,0,B
14327,14200,Hérouville-Saint-Clair,14,3,54,1411,20.2702702703,7523,34.3313373253,37.125748503,B
14437,14120,Mondeville,14,1,27,11,0,17453,33.3333333333,33.3333333333,B
14488,14150,Ouistreham,14,1,29,2418,42.2940879232,19519,12.9098360656,21.2090163934,I
14519,14210,Préaux-Bocage,14,1,1,119,50.6666666667,20832,6.06060606061,12.1212121212,R
14558,14970,Saint-Aubin-d'Arquenay,14,1,1,799,43.2971014493,22814,5.60975609756,15.6097560976,R
14689,14220,Le Hom,14,1,10,1968,27.3405698779,15862,14.9184149184,32.634032634,R
14755,14113,Villerville,14,1,4,772,39.6610169492,17866,13.9410187668,19.3029490617,B
15266,15130,Yolet,15,1,2,588,37.054631829,17034,4.57746478873,16.1971830986,R
16015,16000,Angoulême,16,4,135,2867,43.0513595166,14711,20.0551343901,18.6078566506,C
16026,16430,Balzac,16,1,5,1284,39.8803589232,21026,7.75444264943,17.7705977383,B
16411,16140,NA,NA,1,2,NA,NA,NA,NA,NA,R
17109,17220,Clavette,17,1,NA,1131,40.8588957055,20379,8.8850174216,21.0801393728,R
17200,17140,Lagord,17,2,14,3399,46.7865340474,22613,7.85928143713,10.254491018,B
17300,17000,La Rochelle,17,4,144,1805,27.2398843931,14116,19.422863485,32.4084350721,C
17333,17110,Saint-Georges-de-Didonne,17,1,11,2871,34.0668296659,19583,14.3964562569,18.0509413068,B
17360,17740,Sainte-Marie-de-Ré,17,1,11,3139,42.2222222222,21945,9.37972768533,16.9440242057,I
17409,17200,Saint-Sulpice-de-Royan,17,2,9,2746,30.9839167455,18774,8.85579937304,17.868338558,R
17483,17340,Yves,17,1,4,1425,36.5094339623,18191,9.66850828729,25.138121547,R
18011,18410,Argent-sur-Sauldre,18,1,8,2223,20.2341137124,17190,9.27291886196,41.5173867229,I
18033,18000,Bourges,18,3,193,850,15.629984051,11152,31.4487632509,44.1696113074,C
19005,19240,Allassac,19,1,17,3756,34.3739160597,17728,8.29383886256,30.0355450237,C
19031,19100,Brive-la-Gaillarde,19,1,154,2566,36.985645933,17026,10.797743755,25.1410153102,C
19043,19360,La Chapelle-aux-Brocs,19,2,3,394,40.7051282051,20120,10,21.8181818182,R
19102,19160,Lamazière-Basse,19,1,1,290,33.8842975207,13754,15.5963302752,34.8623853211,R
19223,19210,Saint-Martin-Sepert,19,1,2,258,19.4312796209,14903,6.55737704918,36.0655737705,R
19234,19270,Saint-Pardoux-l'Ortigier,19,1,1,472,28.3783783784,17639,3.79146919431,28.9099526066,R
19244,19250,Saint-Sulpice-les-Bois,19,1,4,71,49.1228070175,16554,10,0,R
21185,21200,Combertault,21,1,2,489,46.7532467532,21293,5.2,22.4,R
21231,21000,Dijon,21,10,312,2399,71.2418300654,24067,12.8922815946,14.673452078,C
21236,21190,Ébaty,21,1,NA,219,27.5641025641,17582,3.66972477064,32.1100917431,R
21521,21560,Remilly-sur-Tille,21,1,1,764,45.7943925234,22567,7.75,24.75,R
21605,21800,Sennecey-lès-Dijon,21,1,5,2219,37.7257525084,21006,6.61375661376,26.8077601411,B
21617,21240,Talant,21,1,20,2535,63.4249471459,29020,4.43864229765,5.22193211488,B
21621,21110,NA,NA,1,1,NA,NA,NA,NA,NA,B
21651,21121,Val-Suzon,21,1,NA,221,49.6932515337,21996,4.67289719626,3.73831775701,R
21661,21370,Velars-sur-Ouche,21,1,4,1719,48.4337349398,22980,5.70749108205,13.3174791914,R
22040,22970,Coadout,22,1,1,530,36.6754617414,17377,6.85483870968,32.2580645161,R
22082,22100,Le Hinglé,22,2,3,840,35.1648351648,19147,5.66037735849,29.3800539084,B
22166,22710,Penvénan,22,1,8,2636,33.4737827715,17866,8.56507230256,16.3515016685,B
22173,22400,NA,NA,2,7,NA,NA,NA,NA,NA,NA
22187,22190,Plérin,22,2,40,2425,49.0899635985,22173,8.51624231782,19.2273924495,B
22196,22740,Pleudaniel,22,1,NA,1005,31.2169312169,15212,7.82997762864,24.384787472,R
22213,22490,Plouër-sur-Rance,22,1,15,3344,48.3695652174,19247,8.608815427,18.8016528926,I
22226,22300,Ploumilliau,22,1,9,2583,33.148054573,17052,8.38041431262,21.4689265537,R
22229,22110,Plounévez-Quintin,22,1,2,1085,34.6698113208,16032,7.06106870229,39.6946564885,R
22232,22410,Plourhan,22,1,9,1950,43.7273386512,18456,8.69565217391,19.1075514874,B
22251,22590,Pordic,22,1,17,3823,51.0382513661,21072,5.61797752809,12.7143701952,I
22278,22000,Saint-Brieuc,22,4,133,1985,49.5956873315,21301,11.4955357143,20.5357142857,C
22282,22380,Saint-Cast-le-Guildo,22,1,14,3500,32.3701410389,19336,9.60884353742,25.1700680272,I
22284,22480,Saint-Connan,22,1,NA,311,31.1023622047,13857,12.7819548872,42.1052631579,R
22314,22600,Saint-Maudan,22,1,1,377,26.0563380282,17330,6.28019323671,42.5120772947,R
22318,22980,Saint-Michel-de-Plélan,22,1,1,304,25.3456221198,14626,3.87596899225,44.1860465116,R
22347,22220,Trédarzec,22,2,2,1117,35.7058125741,16114,7.09812108559,23.382045929,B
22391,22350,Yvignac-la-Tour,22,1,2,1191,33.1843575419,15663,7.49506903353,34.7140039448,R
23006,23210,Arrènes,23,1,2,225,32.1243523316,14940,14.1025641026,5.12820512821,R
24053,24750,Boulazac Isle Manoire,24,4,14,3341,41.6769420469,19733,11.3479623824,23.5736677116,B
24102,24650,Chancelade,24,1,9,4233,36.0465116279,19866,6.45161290323,22.6335272343,B
24138,24660,Coulounieix-Chamiers,24,1,25,2443,39.113785558,20766,6.82392586352,20.7245155855,B
24256,24430,Marsac-sur-l'Isle,24,1,12,3005,29.0843806104,17985,7.78773259821,27.0158511371,B
24301,24590,Nadaillac,24,1,NA,339,26.2773722628,15274,6.66666666667,17.7777777778,R
24322,24000,Périgueux,24,3,93,2439,41.7545807885,15494,12.8289473684,26.8914473684,C
24413,24130,Saint-Georges-Blancaneix,24,1,2,227,30.8139534884,17078,9.52380952381,31.4285714286,R
24441,24560,Saint-Léon-d'Issigeac,24,1,NA,117,28.4210526316,15598,11.5384615385,30.7692307692,R
24442,24110,Saint-Léon-sur-l'Isle,24,1,6,2013,24.5003223727,16742,13.3333333333,30.4402515723,R
25054,25420,Berche,25,1,1,460,34.693877551,20713,5.68720379147,24.644549763,R
25056,25000,Besançon,25,7,277,2550,44.106167057,16381,12.4548736462,26.6245487365,C
25105,25320,Byans-sur-Doubs,25,1,2,573,35.4312354312,17456,6.27177700348,33.4494773519,R
25254,25300,Les Fourgs,25,2,4,1183,36.2369337979,20487,4.92845786963,40.2225755167,R
25526,25630,Sainte-Suzanne,25,1,6,1493,33.8221814849,17177,10.0418410042,30.5439330544,B
25547,25600,Sochaux,25,1,11,2164,26.461345066,14984,19.165085389,45.9203036053,B
25555,25400,Taillecourt,25,1,3,1031,41.1619283066,21443,8.28729281768,30.2025782689,B
26058,26500,Bourg-lès-Valence,26,3,43,3302,29.8717418287,17402,8.64533696392,27.3655547992,B
26064,26120,Chabeuil,26,2,23,3268,46.5635738832,19932,6.94618272841,18.085106383,I
26084,26300,Châteauneuf-sur-Isère,26,1,7,3707,37.3214974913,17885,6.81318681319,24.1758241758,R
26104,26510,Cornillac,26,1,1,86,43.8356164384,13403,9.67741935484,38.7096774194,R
26148,26390,Hauterives,26,1,7,1625,33.8345864662,16903,6.8115942029,22.6086956522,R
26156,26600,Larnage,26,2,3,989,44.1307578009,19707,9.07216494845,23.0927835052,R
26165,26250,Livron-sur-Drôme,26,1,25,4072,35.7804459691,17152,11.5810674723,28.5498489426,C
26198,26200,Montélimar,26,1,96,2424,35.2164730729,12531,24.3355481728,31.561461794,C
26259,26330,Ratières,26,1,2,274,43.2558139535,17736,6.92307692308,21.5384615385,R
26281,26100,Romans-sur-Isère,26,2,80,2944,35.5916892502,14235,20.0701754386,31.5789473684,C
26350,26220,Teyssières,26,1,21,84,39.7260273973,16788,8.33333333333,47.2222222222,R
26360,26230,Valaurie,26,1,5,531,47.4452554745,19962,7.45098039216,25.0980392157,R
26362,26000,Valence,26,8,70,3413,50.2617801047,21840,9.7995545657,14.5508537491,C
27297,27240,NA,NA,1,2,NA,NA,NA,NA,NA,R
27299,27930,Gravigny,27,1,17,4084,34.4056891297,18222,10.1944049312,28.4495021337,B
27340,27310,Honguemare-Guenouville,27,1,1,586,36.7205542725,21717,8.22368421053,25.6578947368,R
27383,27130,Mandres,27,1,1,346,33.5820895522,20402,9.25925925926,41.3580246914,R
27403,27400,Le Mesnil-Jourdain,27,1,2,233,40.5714285714,22886,9.32203389831,23.7288135593,R
27497,27350,Rougemontiers,27,1,1,897,29.0625,18795,9.36768149883,33.7236533958,R
27528,27100,Le Vaudreuil,27,2,10,3618,43.6571428571,21135,11.496149615,24.4774477448,B
27568,27190,Sainte-Marthe,27,1,1,445,30.6306306306,19510,6.06060606061,20.7792207792,R
27597,27210,Saint-Pierre-du-Val,27,1,1,540,36.5789473684,18544,8.23529411765,25.0980392157,B
27629,27230,Thiberville,27,1,7,1761,20.947446336,15339,13.025210084,39.6358543417,R
27676,27940,Les Trois Lacs,27,1,NA,782,37.8472222222,22499,7.59493670886,25.0632911392,R
28085,28000,Chartres,28,2,100,2227,41.3925438596,23248,5.01635768811,13.5223555071,C
28134,28100,Dreux,28,1,56,1975,21.0562890896,13218,21.25,37.5,C
28339,28190,Saint-Germain-le-Gaillard,28,1,1,315,35.4260089686,21370,4.90797546012,26.9938650307,R
29010,29400,Bodilis,29,1,2,1555,41.0825199645,17723,5.3751399776,30.7950727884,R
29039,29900,Concarneau,29,5,44,3674,36.8779090584,18732,12.6436781609,28.4936479129,C
29135,29750,Loctudy,29,2,10,4207,37.8176382661,19214,10.251450677,25.918762089,C
29153,29920,Névez,29,1,8,2718,35.6060606061,19031,12.9883843717,26.6103484688,R
29161,29170,Pleuven,29,1,2,2636,40.5775075988,19789,9.01432181971,24.9368155013,B
29171,29120,Plomeur,29,3,11,3634,35.8525009127,18044,10.1388050694,31.8648159324,C
29178,29830,Ploudalmézeau,29,1,21,6225,38.1067961165,18158,7.71328398909,24.7760031165,I
29192,29250,Plougoulm,29,1,5,1805,30.5821665438,16808,8.9696969697,29.2121212121,R
29195,29880,Plouguerneau,29,1,9,2950,35.0310008857,17257,8.83977900552,29.2817679558,C
29205,29270,Plounévézel,29,1,6,1151,41.0011918951,17556,4.35606060606,23.4848484848,B
29214,29720,Plovan,29,1,1,684,45.0184501845,15625,10.9022556391,24.8120300752,R
29230,29310,Querrien,29,1,3,1685,33.0268199234,15759,14.3661971831,27.4647887324,R
29232,29000,Quimper,29,4,119,1720,56.58105939,20917,11.7326057299,10.2319236016,C
29261,29190,Saint-Rivoal,29,1,9,171,35.0364963504,15246,8.43373493976,38.5542168675,R
30004,30670,Aigues-Vives,30,1,11,2859,42.8639618138,18792,10.8275328693,18.0201082753,B
30007,30100,Alès,30,2,100,2897,38.7363834423,13609,27.8936017254,23.4363767074,C
30016,30120,Arre,30,1,2,288,25.8928571429,14947,12.1212121212,36.3636363636,R
30080,30530,Chamborigaud,30,1,3,783,26.5785609398,15979,18.5770750988,34.3873517787,R
30085,30210,Collias,30,2,1,1002,38.9105058366,17916,10.6,29,R
30123,30660,Gallargues-le-Montueux,30,1,10,3257,45.2573373033,18965,10.5691056911,24.3902439024,B
30125,30128,Garons,30,1,9,4442,37.571884984,17011,11.6658428077,23.6777063767,I
30189,30900,Nîmes,30,5,290,3466,34.2471531,14262,21.9336219336,26.5512265512,C
30189,30000,Nîmes,30,5,290,3466,34.2471531,14262,21.9336219336,26.5512265512,C
30229,30570,Saint-André-de-Majencoules,30,1,1,601,37.1848739496,14620,16.1943319838,17.4089068826,R
30315,30650,Saze,30,1,5,1789,43.8314176245,19482,8.88638920135,12.5984251969,R
30316,30450,Sénéchas,30,1,NA,228,36.5482233503,16548,5.06329113924,30.3797468354,R
30351,30400,Villeneuve-lès-Avignon,30,1,23,2316,62.2508792497,26326,12.2767857143,8.59375,B
30352,30250,Villevieille,30,1,1,1650,47.7253928867,18602,10.6824925816,14.5400593472,B
30356,30230,Rodilhan,30,1,8,2552,40.1838831801,19281,13.6736554239,19.872379216,B
31147,31210,Clarac,31,1,5,566,35.4401805869,19491,8.97435897436,16.6666666667,R
31161,31450,Deyme,31,2,2,873,61.1475409836,26050,5.40540540541,12.474012474,B
31169,31750,Escalquens,31,1,14,2562,54.2676501581,24955,7.52324598478,13.6094674556,B
31184,31130,Flourens,31,1,7,1807,59.4847775176,25585,6.57596371882,13.6054421769,R
31187,31470,Fonsorbes,31,1,31,4854,56.7168767292,21419,8.12826249068,19.202087994,C
31220,31560,Gibel,31,1,1,294,50.6912442396,18269,7.28476821192,9.93377483444,R
31231,31190,Grazac,31,1,1,502,39.2370572207,18284,11.8577075099,15.8102766798,R
31417,31820,Pibrac,31,1,25,2418,57.268981754,25949,7.06349206349,14.0476190476,B
31424,31830,Plaisance-du-Touch,31,1,42,2296,58.1547619048,26101,7.8125,11.62109375,B
31433,31120,Portet-sur-Garonne,31,2,34,2193,52.3777173913,19905,11.5490375802,17.1402383135,B
31446,31520,Ramonville-Saint-Agne,31,1,38,1636,49.3923611111,19391,10.740203193,14.8040638607,B
31487,31800,Saint-Ignan,31,1,1,277,28.4263959391,19860,0.847457627119,26.2711864407,R
31505,31220,Saint-Michel,31,1,1,323,37.4485596708,17908,13.1944444444,20.1388888889,R
31506,31650,Saint-Orens-de-Gameville,31,1,41,1318,40.0565504241,21449,4.31654676259,16.0071942446,B
31515,31620,Saint-Rustice,31,1,1,439,44.2367601246,21165,5.99078341014,16.5898617512,B
31555,31000,Toulouse,31,2,863,2730,69,20924,9.15795943454,11.6164720344,C
31555,31200,Toulouse,31,5,863,2730,69,20924,9.15795943454,11.6164720344,C
31555,31500,Toulouse,31,5,863,2730,69,20924,9.15795943454,11.6164720344,C
31555,31400,Toulouse,31,4,863,2730,69,20924,9.15795943454,11.6164720344,C
31555,31100,Toulouse,31,2,863,2730,69,20924,9.15795943454,11.6164720344,C
31557,31170,Tournefeuille,31,2,42,2109,55.0568900126,21060,8.3820662768,13.0604288499,B
31588,31270,Villeneuve-Tolosane,31,1,17,2520,47.7537437604,21602,6.03588907015,14.5187601958,B
32013,32000,Auch,32,1,91,1822,41.9720186542,16598,12.6060606061,18.9090909091,C
32125,32370,Espas,32,1,1,115,38.7755102041,13923,4.44444444444,17.7777777778,R
32133,32250,Fourcès,32,1,1,285,27.9527559055,14828,8.33333333333,30.5555555556,R
32262,32600,Monbrun,32,2,1,330,52.1929824561,22749,5.91715976331,19.5266272189,R
32328,32480,Pouy-Roquelaure,32,1,NA,141,64.1666666667,16498,1.5873015873,31.746031746,R
33009,33120,Arcachon,33,2,29,1998,58.0428134557,25932,14.0649149923,11.1282843895,B
33011,33740,Arès,33,1,16,5548,36.0879120879,20444,13.0291627469,16.2746942615,I
33050,33210,Bieujac,33,1,1,494,28.7323943662,16098,12.962962963,27.7777777778,R
33056,33290,Blanquefort,33,1,41,2299,43.4974747475,22063,6.28318584071,18.8495575221,B
33063,33100,Bordeaux,33,2,479,4121,26.8790849673,6898,30.7786633967,43.7155119559,C
33063,33800,Bordeaux,33,2,479,4121,26.8790849673,6898,30.7786633967,43.7155119559,C
33063,33000,Bordeaux,33,6,479,4121,26.8790849673,6898,30.7786633967,43.7155119559,C
33063,33300,Bordeaux,33,5,479,4121,26.8790849673,6898,30.7786633967,43.7155119559,C
33063,33200,Bordeaux,33,7,479,4121,26.8790849673,6898,30.7786633967,43.7155119559,C
33069,33110,Le Bouscat,33,4,43,3100,54.4130626655,19878,9.28217821782,16.3366336634,B
33075,33520,Bruges,33,1,20,2649,49.8560736903,19415,6.84745762712,19.186440678,B
33090,33610,Canéjan,33,3,13,2513,55.5174385363,22970,9.79228486647,13.056379822,B
33128,33340,Civrac-en-Médoc,33,1,2,568,29.5454545455,16670,9.75609756098,34.9593495935,R
33145,33670,Cursan,33,1,2,474,38.8405797101,21590,6.66666666667,16.6666666667,R
33147,33420,Daignac,33,1,1,484,27.7456647399,16948,8.14479638009,25.7918552036,R
33162,33320,Eysines,33,3,31,3247,51.660988075,22773,3.85369039843,12.0836054866,B
33229,33138,Lanton,33,1,13,6162,39.768019884,19976,11.9543845851,16.0440424695,B
33281,33700,Mérignac,33,1,148,2452,53.9537385691,23180,8.51063829787,10.7234042553,B
33318,33600,Pessac,33,2,134,2673,55.1083591331,18831,16.3755458515,18.0494905386,B
33376,33160,Saint-Aubin-de-Médoc,33,3,12,5989,61.9898575223,27474,7.17314487633,9.5406360424,B
33392,33410,Sainte-Croix-du-Mont,33,1,2,884,39.7174254317,15023,8.59950859951,28.0098280098,R
33411,33490,Saint-Germain-de-Grave,33,1,5,146,23.3644859813,16219,3.0303030303,12.1212121212,R
33522,33400,Talence,33,9,82,2326,51.2974051896,18215,13.0472854641,18.476357268,B
33527,33470,Le Teich,33,2,16,6485,38.6199575372,19357,11.1578266494,20.6338939198,B
33529,33260,La Teste-de-Buch,33,1,76,2034,38.0553766903,20620,6.04395604396,23.6263736264,C
33540,33930,Vendays-Montalivet,33,1,15,2288,31.0289389068,15670,19.9324324324,23.1981981982,R
34003,34300,Agde,34,2,61,4362,37.2881355932,15700,18.5578535495,20.3465623253,I
34032,34500,Béziers,34,2,127,3868,37.3989455185,12417,20.4249485949,30.6374228924,C
34057,34170,Castelnau-le-Lez,34,1,32,3304,60.2040816327,20379,11.7218543046,10.6622516556,B
34058,34160,Castries,34,1,7,276,49.7512437811,20967,12.4031007752,9.3023255814,I
34088,34660,Cournonterral,34,1,16,2987,43.0248943166,18738,10.0642398287,17.8443968594,C
34108,34110,Frontignan,34,2,45,3306,25.4071661238,15849,14.2741935484,26.2903225806,C
34120,34830,Jacou,34,2,21,2109,53.1187122736,20596,9.28961748634,11.2932604736,B
34126,34240,Lamalou-les-Bains,34,1,9,2328,31.0239429445,17159,11.2113402062,26.9329896907,B
34129,34970,Lattes,34,1,47,1738,51.0037174721,22718,9.09090909091,8.67768595041,B
34143,34140,Loupian,34,1,10,2089,38.6105544422,16472,14.2564102564,21.3333333333,R
34172,34080,Montpellier,34,2,473,2694,14.4248326233,5189,39.5266272189,46.6272189349,C
34172,34070,Montpellier,34,5,473,2694,14.4248326233,5189,39.5266272189,46.6272189349,C
34172,34000,Montpellier,34,2,473,2694,14.4248326233,5189,39.5266272189,46.6272189349,C
34172,34090,Montpellier,34,3,473,2694,14.4248326233,5189,39.5266272189,46.6272189349,C
34176,34130,Mudaison,34,4,5,2500,45.6364647026,19870,7.63779527559,18.8976377953,I
34198,34470,Pérols,34,1,20,3144,51.7924926191,21871,11.654676259,8.63309352518,B
34247,34980,Saint-Clément-de-Rivière,34,1,14,2535,70.5776173285,31709,8.94396551724,4.31034482759,B
34259,34680,Saint-Georges-d'Orques,34,1,17,2912,55.8562992126,21168,12.4723247232,18.5977859779,I
34295,34570,Saussan,34,1,5,1492,48.9065606362,21212,8.52272727273,12.6420454545,B
34301,34200,Sète,34,2,107,1823,34.2493297587,12100,28.0979827089,24.2074927954,C
35047,35170,Bruz,35,1,45,2357,45.8208057727,21231,7.55441741357,11.1395646607,B
35120,35850,Gévezé,35,1,11,3945,48.1261595547,20399,5.69773056494,27.0400772574,I
35128,35440,Guipel,35,1,5,1538,35.6943150047,16359,7.88770053476,29.5454545455,R
35143,35360,Landujan,35,1,4,930,35.8161648177,16475,2.79569892473,36.3440860215,R
35149,35580,Lassy,35,3,2,1381,50.054884742,20066,5.79096045198,27.6836158192,R
35189,35760,Montgermont,35,2,12,3039,52.460538533,22874,7.50167448091,13.3958472873,B
35193,35520,Montreuil-le-Gast,35,1,5,1915,43.9873417722,20910,6.11439842209,23.4714003945,R
35210,35740,Pacé,35,2,23,1762,59.674796748,23686,5.45905707196,7.5682382134,B
35228,35730,Pleurtuit,35,1,16,5607,36.6978922717,17589,7.94912559618,17.7662957075,C
35238,35700,Rennes,35,1,414,2055,46.2551440329,19303,8.33333333333,20.5284552846,C
35238,35000,Rennes,35,13,414,2055,46.2551440329,19303,8.33333333333,20.5284552846,C
35238,35200,Rennes,35,4,414,2055,46.2551440329,19303,8.33333333333,20.5284552846,C
35241,35780,La Richardais,35,2,4,2367,43.3769187038,20261,8.83190883191,21.6524216524,B
35251,35250,Saint-Aubin-d'Aubigné,35,1,11,3279,37.7501111605,18552,5.90428837787,26.9111249223,I
35288,35400,Saint-Malo,35,5,92,1743,53.7931034483,25637,11.5501519757,12.462006079,I
35331,35160,Talensac,35,2,7,2331,44.3548387097,19027,5.97779675491,25.7899231426,R
35358,35430,La Ville-ès-Nonais,35,1,3,1033,42.3822714681,20007,5.96421471173,22.4652087475,R
36044,36000,Châteauroux,36,1,155,2111,31.233933162,16896,11.0337972167,24.7514910537,C
36047,36170,La Châtre-Langlin,36,1,1,568,20.867768595,14208,4.6875,26.5625,R
37032,37240,Bournan,37,1,1,260,35.0785340314,16740,6.08695652174,17.3913043478,R
37105,37120,Faye-la-Vineuse,37,1,2,304,27.9661016949,12790,8.20895522388,15.671641791,R
37118,37420,Huismes,37,1,4,1537,38.1735159817,18227,7.60401721664,31.9942611191,R
37128,37130,Lignières-de-Touraine,37,1,2,1094,30.1818181818,16510,6.35838150289,39.4990366089,R
37155,37110,Monthodon,37,1,3,630,31.718061674,17481,5.9748427673,32.7044025157,R
37182,37230,Pernay,37,1,7,1016,36.4161849711,19206,5.88235294118,20.4933586338,R
37183,37600,Perrusson,37,2,5,1532,25.4658385093,17401,5.89060308555,25.6661991585,B
37214,37540,Saint-Cyr-sur-Loire,37,3,34,362,29.6551724138,22484,1.83486238532,11.0091743119,B
37219,37510,Saint-Genouph,37,1,3,1024,35.5191256831,19427,6.92883895131,21.5355805243,B
37261,37100,Tours,37,2,282,2317,46.2276214834,14216,13.5050741608,19.5160031226,C
37261,37000,Tours,37,9,282,2317,46.2276214834,14216,13.5050741608,19.5160031226,C
37267,37270,Véretz,37,1,12,4095,48.4957020057,21460,4.73231357553,19.120458891,I
37273,37700,La Ville-aux-Dames,37,1,12,4889,33.5982460948,19477,7.54127621597,23.8732708612,B
38014,38510,NA,NA,1,3,NA,NA,NA,NA,NA,NA
38095,38160,Chatte,38,1,10,2431,34.2779291553,18313,9.40959409594,23.3394833948,B
38110,38200,Chuzelles,38,1,4,2055,47.7380148548,23515,6.9970845481,16.3265306122,R
38133,38500,Coublevie,38,1,13,4210,59.1767881242,25141,5.77249575552,10.6395019808,B
38151,38130,Échirolles,38,1,75,3336,33.5924713584,12709,17.0765987351,31.8341531975,B
38169,38600,Fontaine,38,1,53,2201,40.1925391095,19722,8.13725490196,22.9411764706,B
38185,38100,Grenoble,38,3,293,1856,57.530647986,12985,9.23603192702,7.8677309008,C
38185,38000,Grenoble,38,6,293,1856,57.530647986,12985,9.23603192702,7.8677309008,C
38212,38220,Livet-et-Gavet,38,2,1,1266,24.1417497231,16057,14.2599277978,40.9747292419,R
38224,38350,Mayres-Savel,38,1,NA,100,35.7142857143,17774,7.8431372549,23.5294117647,R
38229,38240,Meylan,38,4,37,252,40,21001,7.31707317073,12.1951219512,B
38265,38770,La Motte-d'Aveillans,38,1,6,1810,37.0895522388,18145,10.5263157895,32.9253365973,R
38334,38420,Revel,38,1,4,1348,67.8135405105,25191,6.79190751445,11.8497109827,R
38397,38330,Saint-Ismier,38,1,16,4065,69.5278969957,32745,4.16904625928,6.05368360937,B
38420,38480,Saint-Martin-de-Vaulserre,38,1,8,245,45.5555555556,21248,6.92307692308,33.8461538462,B
38421,38400,Saint-Martin-d'Hères,38,2,68,3320,30.0373909431,15458,17.6543980037,27.3237679351,B
38423,38950,Saint-Martin-le-Vinoux,38,1,10,1995,55.8029689609,18942,6.03351955307,14.3016759777,B
38485,38170,Seyssinet-Pariset,38,2,31,1522,63.6274509804,20595,8.05031446541,15.8490566038,B
38486,38180,Seyssins,38,1,24,2056,56.5729234794,24789,6.68080593849,11.9830328738,B
38498,38300,Succieu,38,1,2,695,47.9253112033,20563,5.58510638298,26.0638297872,R
38540,38113,Veurey-Voroize,38,1,8,1386,50.6721820062,23030,6.6265060241,17.0180722892,B
38553,38090,Villefontaine,38,1,37,1947,33.4420880914,12716,23.9130434783,42.7536231884,C
38565,38340,Voreppe,38,1,33,2702,49.1467576792,21852,5,18.253968254,B
39073,39800,Brainans,39,1,NA,172,35.3383458647,16101,9.21052631579,47.3684210526,R
39190,39700,Dampierre,39,1,3,1209,37.2148859544,18495,8.00711743772,32.7402135231,C
39300,39000,Lons-le-Saunier,39,1,83,2619,33.9604438013,16604,12.9345189976,22.9587712207,C
39558,39570,Vevy,39,2,1,243,38.4615384615,18300,5.12820512821,40.1709401709,R
40037,40280,Benquet,40,2,7,1471,45.5719557196,20649,8.08080808081,18.4704184704,R
40065,40130,Capbreton,40,1,40,2774,55.3976010662,19534,15.2191894127,20.5955334988,C
40088,40100,Dax,40,1,73,3270,43.3245581046,16516,20.3691496374,24.5880026368,C
40209,40440,Ondres,40,1,12,4479,40.9157188685,21193,8.0878915381,21.7391304348,I
40264,40230,Saint-Jean-de-Marsacq,40,1,8,1311,36.7974549311,17811,10.5090311987,29.0640394089,R
40266,40170,Saint-Julien-en-Born,40,1,10,1450,30.8149405772,16566,11.9047619048,38.0952380952,R
40320,40090,Uchacq-et-Parentis,40,1,3,579,45.9770114943,21811,6.4406779661,16.6101694915,R
41003,41100,Areines,41,1,2,597,34.6341463415,20971,9.79020979021,20.6293706294,B
41109,41190,Landes-le-Gaulois,41,1,2,684,39.5491803279,20061,7.42857142857,24.8571428571,R
41141,41160,Moisy,41,1,1,309,28.0701754386,17568,9.03225806452,27.0967741935,R
41222,41320,Saint-Loup,41,1,NA,349,27.1698113208,16847,12.3529411765,28.2352941176,R
41288,41000,Villerbon,41,2,3,768,33.1597222222,21395,5.63725490196,33.3333333333,R
42069,42120,Commelle-Vernay,42,1,7,2805,38.3222116301,20058,5.82601755786,23.0646448524,B
42095,42700,Firminy,42,1,74,1824,29.746835443,17269,7.61670761671,32.6781326781,B
42147,42600,Montbrison,42,2,46,3107,29.6103896104,18622,10.1997146933,31.5263908702,C
42218,42000,Saint-Étienne,42,3,430,2028,35.3374233129,18301,12.1140142518,22.9216152019,C
42218,42100,Saint-Étienne,42,1,430,2028,35.3374233129,18301,12.1140142518,22.9216152019,C
42259,42800,Saint-Martin-la-Plaine,42,1,5,3667,45.6714120816,20502,8.2281952825,19.5282501371,B
42285,42610,Saint-Romain-le-Puy,42,1,19,3536,30.4193037975,17823,6.35110844817,30.3175554224,C
42330,42390,Villars,42,1,35,1847,54.3135783946,19818,6.22448979592,15.306122449,B
43039,43370,Le Brignon,43,1,3,590,25.1748251748,12606,8.06451612903,19.7580645161,R
43110,43100,Lamothe,43,1,3,831,37.9130434783,16599,6.03015075377,36.1809045226,R
43249,43210,Valprivas,43,2,4,496,33.2432432432,16814,4.16666666667,33.7962962963,R
44006,44410,Assérac,44,2,6,1773,36.1520558573,16366,9.4944512947,32.6757090012,R
44020,44340,Bouguenais,44,1,47,2594,38.2126348228,18218,9.97547015536,26.2469337694,B
44026,44470,Carquefou,44,1,40,2923,53.2961460446,23425,6.03566529492,13.1001371742,B
44035,44240,La Chapelle-sur-Erdre,44,2,43,1026,47.4412171508,22177,6.65362035225,20.7436399217,B
44037,44690,Château-Thébaud,44,1,8,2831,47.8845196615,20561,7.60483297797,20.184790334,R
44055,44500,La Baule-Escoublac,44,2,55,1906,43.3133732535,18495,10.0267379679,11.2299465241,B
44109,44000,Nantes,44,3,572,3610,52.5968992248,19806,9.24422236102,11.6177389132,C
44109,44200,Nantes,44,1,572,3610,52.5968992248,19806,9.24422236102,11.6177389132,C
44109,44300,Nantes,44,4,572,3610,52.5968992248,19806,9.24422236102,11.6177389132,C
44109,44100,Nantes,44,3,572,3610,52.5968992248,19806,9.24422236102,11.6177389132,C
44114,44700,Orvault,44,3,47,869,53.3523537803,18255,9.80861244019,12.6794258373,B
44140,44330,La Regrippière,44,1,1,1528,35.3682170543,16715,5.18331226296,33.1226295828,R
44147,44370,NA,NA,1,1,NA,NA,NA,NA,NA,NA
44151,44117,Saint-André-des-Eaux,44,2,17,5282,49.1474147415,20635,6.78170144462,23.9165329053,B
44182,44730,Saint-Michel-Chef-Chef,44,1,13,4404,33.6633663366,18927,7.05394190871,27.5933609959,B
44183,44350,Saint-Molf,44,1,7,2250,37.8678875082,17568,7.69911504425,27.4336283186,R
44184,44600,Saint-Nazaire,44,6,146,2652,38.4655261794,18841,12.6859827721,28.4259984338,C
44190,44230,Saint-Sébastien-sur-Loire,44,1,40,2673,49.7484909457,20773,8.29840737636,15.7585917854,B
44211,44420,La Turballe,44,1,18,4515,32.0345115502,18963,10.6515580737,27.7053824363,C
44215,44120,Vertou,44,1,47,388,34.2465753425,19631,2.97619047619,16.6666666667,B
45028,45190,Beaugency,45,1,27,7738,33.5659455687,18164,10.1415775787,27.8532216123,C
45138,45250,Escrignelles,45,1,2,70,44.2307692308,16841,0,10,R
45142,45450,Fay-aux-Loges,45,1,14,3339,39.5339159384,20597,6.32362058276,27.0303781773,C
45190,45330,NA,NA,1,1,NA,NA,NA,NA,NA,R
45194,45430,Mardié,45,1,6,2576,44.1000543774,22517,7.8967350038,19.6659073652,B
45234,45000,Orléans,45,5,219,4036,52.5702535984,20391,8.34080717489,18.7892376682,C
45274,45560,Saint-Denis-en-Val,45,2,25,2156,47.6577139288,23673,5.61330561331,13.3056133056,B
45284,45800,Saint-Jean-de-Braye,45,1,59,90,48.5294117647,19559,5.08474576271,20.3389830508,B
45298,45750,Saint-Pryvé-Saint-Mesmin,45,1,16,2254,49.970845481,22696,5.63654033042,17.8814382896,B
45302,45770,Saran,45,1,34,2569,36.9147659064,15824,13.4037367994,32.4126726239,B
45309,45240,Sennely,45,1,1,630,36.4406779661,18910,8.25688073395,28.74617737,R
45333,45760,Vennecy,45,1,6,1394,45.1612903226,24248,3.26086956522,20.3804347826,R
46021,46100,Béduer,46,2,3,730,37.9679144385,18161,6.03448275862,14.0804597701,R
46042,46000,Cahors,46,1,78,1867,42.1404682274,18776,10.7183580388,22.0068415051,C
46115,46400,Frayssinhes,46,1,NA,197,33.5616438356,12701,7.52688172043,25.8064516129,R
46128,46500,Gramat,46,1,21,3473,34.6624693949,17680,5.82800284293,24.6624022743,I
47001,47000,Agen,47,1,92,2383,48.794167134,16247,17.9707652623,26.8271711092,C
47006,47110,Allez-et-Cazeneuve,47,1,1,670,31.0699588477,17545,9.73154362416,17.4496644295,B
47032,47240,Bon-Encontre,47,1,16,3120,41.1637931034,19849,7.92291220557,19.9857244825,B
47050,47340,Cassignas,47,1,1,129,39.4230769231,19450,5.35714285714,16.0714285714,R
47100,47510,Foulayronnes,47,1,14,4968,46.9655549481,21838,6.77966101695,17.8813559322,B
47283,47500,Saint-Vite,47,2,5,1208,21.8715995647,13383,22,36.2222222222,B
47323,47300,Villeneuve-sur-Lot,47,1,59,1859,23.3638282899,14365,22.7272727273,28.743315508,C
48187,48100,Les Salces,48,1,NA,94,25.641025641,16937,2.5641025641,10.2564102564,R
49007,49100,Angers,49,2,278,3855,64.8910411622,19647,12.7962085308,13.1279620853,C
49015,49240,Avrillé,49,2,28,2542,50.2693965517,20937,9.68229954614,17.1709531014,B
49035,49080,Bouchemaine,49,1,11,927,40.2985074627,23396,4.62724935733,15.9383033419,B
49082,49290,Chaudefonds-sur-Layon,49,1,2,959,37.4277456647,16853,5.93047034765,34.3558282209,R
49129,49000,Écouflant,49,5,15,3755,32.3508005822,19833,7.02736318408,24.8756218905,B
49136,49500,NA,NA,1,1,NA,NA,NA,NA,NA,NA
49174,49430,Huillé-Lézigné,49,1,2,716,25.5402750491,15991,8.55614973262,31.0160427807,R
49180,49160,Longué-Jumelles,49,1,20,1760,21.3818181818,15344,11.8206521739,43.8858695652,C
49194,49630,Mazé-Milon,49,1,10,4743,37.2436670688,18177,8.27402135231,28.3362989324,I
49267,49124,Saint-Barthélemy-d'Anjou,49,3,26,1589,33.7569499603,18938,12.3417721519,27.8481012658,B
49288,49130,Saint-Jean-de-la-Croix,49,1,1,240,44.6428571429,19803,2.34375,25.78125,R
49339,49460,Soulaire-et-Bourg,49,1,6,1391,41.9047619048,19814,7.32064421669,17.8623718887,R
49353,49800,Trélazé,49,3,30,2920,41.7978669375,18367,7.85234899329,22.1476510067,B
50129,50100,Cherbourg-en-Cotentin,50,2,86,2344,18.5161699429,10998,25.3227408143,38.3316782522,C
50219,50200,Gratot,50,1,1,663,30.7203389831,19063,7.01754385965,26.9005847953,R
50220,50440,NA,NA,1,6,NA,NA,NA,NA,NA,NA
50365,50290,Muneville-sur-Mer,50,1,1,373,21.4545454545,15309,6.66666666667,40,R
50541,50400,Saint-Planchers,50,2,4,1315,37.4745417515,18777,6.96202531646,25.9493670886,R
50639,50800,Villedieu-les-Poêles-Rouffigny,50,1,9,3882,25.0889104429,15757,11.7359413203,34.2298288509,C
51058,51430,Bezannes,51,1,6,1378,58.0357142857,27928,6.20031796502,11.4467408585,R
51108,51000,Châlons-en-Champagne,51,2,103,3013,41.9089147287,14768,16.0213618158,27.8371161549,C
51172,51350,Cormontreuil,51,1,16,2368,46.1582900058,22745,6.60550458716,11.2844036697,B
51203,51400,Cuperly,51,1,1,219,44.0251572327,21125,6.08695652174,17.3913043478,R
51269,51290,Giffaumont-Champaubert,51,1,2,261,31.6513761468,18928,8.62068965517,31.0344827586,R
51454,51100,Reims,51,8,327,1660,23.820754717,14388,22.9480737018,33.5008375209,C
51607,51210,Verdon,51,1,1,177,22.9007633588,18337,3.44827586207,18.3908045977,R
52141,52000,Condes,52,2,4,281,34.2222222222,21269,5.10948905109,15.3284671533,R
52413,52130,Rachecourt-Suzémont,52,1,1,108,35.2112676056,16428,7.54716981132,52.8301886792,R
53130,53000,Laval,53,2,155,3378,38.8248847926,20519,4.90378646803,18.5599006828,C
53138,53200,NA,NA,1,2,NA,NA,NA,NA,NA,B
53144,53440,Marcillé-la-Ville,53,1,3,802,28.6486486486,15396,3.16622691293,41.1609498681,R
53201,53940,Saint-Berthevin,53,1,27,4388,33.7205550177,18994,9.35618341825,27.2348309403,B
54027,54700,Atton,54,1,4,782,41.0071942446,20418,5.10948905109,28.2238442822,R
54197,54710,Fléville-devant-Nancy,54,1,5,2372,45.595567867,23738,4.65532676813,13.8764547896,B
54263,54310,Homécourt,54,1,6,2138,19.0359975595,14565,13.3333333333,35.8620689655,C
54270,54590,Hussigny-Godbrange,54,1,16,3366,31.5031152648,18806,11.1665626949,31.4410480349,I
54304,54520,Laxou,54,2,29,209,69.8275862069,26530,2.04081632653,1.02040816327,B
54329,54300,Lunéville,54,1,59,1910,24.1427571728,13548,22.2838137472,35.3658536585,C
54339,54220,Malzéville,54,1,14,1877,51.5555555556,21025,12.0137299771,16.704805492,B
54352,54230,Maron,54,1,3,831,48.7012987013,21960,6.55737704918,13.1147540984,R
54395,54000,Nancy,54,6,177,1915,74.2023701003,20476,12.8514056225,7.8313253012,C
54446,54370,Réchicourt-la-Petite,54,1,1,75,32.6923076923,16331,11.1111111111,0,R
54547,54500,Vandœuvre-lès-Nancy,54,2,54,2354,63.1428571429,23812,6.57084188912,7.70020533881,B
54557,54840,Bois-de-Haye,54,2,7,1434,49.7546614328,26042,6,11.2,R
54578,54600,Villers-lès-Nancy,54,1,38,1786,72.2267206478,28035,5.14075887393,2.93757649939,B
55426,55000,Resson,55,1,1,411,30.7189542484,17650,3.43137254902,29.4117647059,R
55530,55300,Valbois,55,1,NA,111,30.7692307692,16440,5.88235294118,31.3725490196,R
56036,56850,Caudan,56,1,20,2219,30.2450687388,17625,8.49598163031,37.4282433984,I
56107,56260,Larmor-Plage,56,1,27,2322,46.1538461538,22564,7.37373737374,10.7070707071,B
56121,56100,Lorient,56,1,132,1980,21.2720848057,9428,30.3278688525,48.6338797814,C
56146,56300,Neulliac,56,1,2,1506,35.231316726,16971,7.35090152566,29.680998613,R
56162,56270,Ploemeur,56,1,39,2743,42.7264409881,21653,9.26553672316,18.5310734463,B
56215,56920,Saint-Gonnery,56,1,1,1060,34.8101265823,18398,6.52985074627,42.3507462687,R
56219,56460,Saint-Guyomard,56,1,1,1045,32.4905183312,16987,5.04854368932,34.1747572816,R
56222,56660,Saint-Jean-Brévelay,56,1,12,2692,28.6155429748,17072,8.47457627119,38.2566585956,R
56251,56450,Theix-Noyalo,56,1,14,3345,42.5180161085,19586,8.77785280216,16.880486158,I
56260,56000,Vannes,56,2,139,76,67.8571428571,18928,15.3846153846,0,C
56262,56400,Bono,56,1,6,2198,45.908543923,20045,6.95364238411,14.0176600442,I
57015,57730,Altviller,57,1,3,565,38.1176470588,20427,8.74524714829,25.855513308,R
57091,57200,Bliesbruck,57,2,1,1019,29.0771175727,19808,8.60420650096,32.1223709369,R
57123,57490,Carling,57,1,6,3730,21.7694183211,17068,15.5957943925,49.8831775701,B
57134,57160,Châtel-Saint-Germain,57,1,7,2297,44.3201883461,21992,5.75427682737,15.5520995334,B
57222,57600,Folkling,57,1,2,1370,36.216730038,19690,9.09090909091,30.5084745763,R
57283,57300,Hagondange,57,1,26,666,54.4186046512,17442,11.528150134,26.5415549598,B
57323,57330,Hettange-Grande,57,1,23,2849,41.0061699098,21383,5.32623169108,24.8335552597,I
57412,57050,Longeville-lès-Metz,57,1,15,3850,52.2839072382,21183,11.4636642784,18.219037871,B
57454,57245,Mécleuves,57,1,3,1169,47.2189349112,23561,4.8275862069,16.5517241379,R
57463,57000,Metz,57,4,200,3602,51.1726259131,14779,14.1535615171,18.4551341351,C
57480,57950,Montigny-lès-Metz,57,1,31,3271,50.5850234009,21081,8.37060702875,15.3993610224,B
57481,57860,Montois-la-Montagne,57,1,10,2358,25.0809061489,18441,9.47098976109,36.1774744027,B
57630,57400,Sarrebourg,57,1,42,28,21.7391304348,15997,0,42.8571428571,C
57643,57420,Secourt,57,1,NA,204,36.8421052632,20448,3.9603960396,3.9603960396,R
57672,57100,Thionville,57,2,71,2334,43.4035476718,21064,12.4125874126,23.951048951,C
57752,57915,Woustviller,57,1,9,3196,35.4677754678,18405,11.1464968153,30.6369426752,I
58251,58200,Saint-Loup,58,1,1,450,24.3093922652,18097,9.3137254902,23.0392156863,R
58278,58000,Sermoise-sur-Loire,58,1,7,1663,31.4403292181,19318,9.11270983213,30.3357314149,B
59009,59491,Villeneuve-d'Ascq,59,1,137,757,45.727482679,19430,9.11854103343,1.21580547112,B
59009,59650,Villeneuve-d'Ascq,59,4,137,757,45.727482679,19430,9.11854103343,1.21580547112,B
59009,59493,Villeneuve-d'Ascq,59,2,137,757,45.727482679,19430,9.11854103343,1.21580547112,B
59014,59410,Anzin,59,1,23,2267,28.7937743191,13230,19.829424307,34.8614072495,B
59075,59540,Béthencourt,59,1,1,738,33.9805825243,16025,11.3043478261,37.1014492754,B
59109,59178,Brillon,59,1,4,737,44.578313253,20500,4.29799426934,25.2148997135,R
59128,59160,Capinghem,59,2,3,1626,52.850678733,25576,5.56274256145,10.3492884864,B
59146,59152,Chéreng,59,1,9,3023,54.9476688868,25176,5.72207084469,10.8310626703,B
59155,59210,Coudekerque-Branche,59,4,37,1684,33.7683523654,16581,13.1474103586,30.0132802125,B
59178,59500,Douai,59,2,85,3750,50.9522098455,17553,15.1781104801,19.1017036655,C
59183,59640,Dunkerque,59,1,164,2335,24.3483788938,10529,30.5949008499,44.2870632672,C
59183,59240,Dunkerque,59,4,164,2335,24.3483788938,10529,30.5949008499,44.2870632672,C
59183,59140,Dunkerque,59,1,164,2335,24.3483788938,10529,30.5949008499,44.2870632672,C
59205,59124,Escaudain,59,1,15,3358,20.1863354037,10416,30.6516492357,40.466613033,B
59228,59169,Férin,59,1,2,1426,46.94471387,20048,7.58017492711,19.387755102,R
59242,59550,Fontaine-au-Bois,59,1,2,654,27.1784232365,17674,5.46075085324,38.566552901,R
59266,59147,Gondecourt,59,1,12,3992,43.5933639252,22309,6.68724279835,16.3580246914,C
59330,59310,Landas,59,1,3,2355,43.1231231231,21237,5.67567567568,12.6126126126,B
59346,59260,Lezennes,59,1,7,3043,47.1461716937,21248,7.48840291584,14.2478462558,B
59350,59000,Lille,59,6,326,1884,28.0523255814,14661,13.9507620164,31.7702227433,C
59350,59800,Lille,59,4,326,1884,28.0523255814,14661,13.9507620164,31.7702227433,C
59360,59120,Loos,59,1,30,1824,43.7647058824,17832,9.37880633374,18.5140073082,B
59364,59830,Louvil,59,1,1,848,65.625,26670,6.87960687961,12.7764127764,B
59378,59700,Marcq-en-Barœul,59,1,53,2908,70.2230843841,28800,8.49923430322,6.73813169985,B
59383,59770,Marly,59,1,21,2021,34.6178142767,17187,15.8079625293,23.4192037471,B
59386,59520,Marquette-lez-Lille,59,2,19,1767,34.991708126,17966,9.63718820862,25.283446712,B
59423,59940,Neuf-Berquin,59,1,2,1229,35.7142857143,18227,8.66666666667,35.3333333333,B
59457,59840,Pérenchies,59,1,14,4010,37.8842030021,18481,7.74393391843,25.2452245741,B
59466,59710,Pont-à-Marcq,59,1,8,2555,49.3913043478,20710,7.45440126883,16.6534496431,B
59512,59100,Roubaix,59,2,113,2627,21.8555417186,8938,34.7906976744,46.2325581395,B
59514,59131,Rousies,59,1,7,4217,36.7955439056,17154,15.7978723404,27.0744680851,B
59527,59350,Saint-André-lez-Lille,59,1,15,171,32.8,19667,16.6666666667,35.7142857143,B
59599,59200,Tourcoing,59,1,105,1844,34.7643097643,13055,20.1421800948,32.2274881517,B
59605,59229,Uxem,59,4,3,1305,51.9693654267,22008,6.36942675159,17.9936305732,R
59606,59300,Valenciennes,59,2,88,3144,31.2125403412,11924,26.6666666667,31.1851851852,C
59636,59118,Wambrechies,59,1,21,2450,48.9635854342,21266,9.51035781544,20.0564971751,B
59650,59150,Wattrelos,59,1,49,1672,24.978687127,13792,23.8825031928,39.2081736909,B
59652,59111,Wavrechain-sous-Faulx,59,2,NA,436,31.3531353135,16351,13.6585365854,34.1463414634,R
60080,60240,NA,NA,1,1,NA,NA,NA,NA,NA,R
60100,60810,Brasseuse,60,1,1,111,51.7647058824,20008,8.33333333333,20.8333333333,R
60124,60310,Candor,60,1,1,261,35.7142857143,19412,10.7438016529,25.6198347107,R
60159,60200,Compiègne,60,1,82,2657,18.6046511628,9312,26.2648008611,44.7793326157,C
60225,60600,Étouy,60,1,1,793,42.4825174825,21489,7.45501285347,25.706940874,R
60358,60800,Lévignen,60,1,NA,879,33.655394525,21700,3.94736842105,24.7807017544,R
60463,60180,Nogent-sur-Oise,60,1,31,2593,25.1431844215,12467,23.4848484848,35.1325757576,C
60494,60128,Plailly,60,1,8,1665,47.1744471744,26204,6.90072639225,17.0702179177,R
61006,61200,Argentan,61,1,46,1739,22.34935164,16055,16.0337552743,34.1772151899,C
61033,61140,NA,NA,1,2,NA,NA,NA,NA,NA,R
61094,61100,La Chapelle-au-Moine,61,1,2,588,33.8028169014,20008,4.65838509317,30.1242236025,B
61102,61450,Le Châtellier,61,1,2,388,33.0935251799,16086,9.79381443299,33.5051546392,R
61111,61250,Colombiers,61,1,1,337,40.6015037594,18403,6.17283950617,19.7530864198,R
61126,61170,Coulonges-sur-Sarthe,61,1,NA,493,18.7830687831,15181,13.9240506329,30.3797468354,R
62004,62217,Achicourt,62,2,17,2354,40.3857393337,17530,9.45033751205,17.3577627772,B
62025,62164,Ambleteuse,62,2,7,1883,34.4039971449,17053,14.3373493976,25.1807228916,R
62043,62730,Les Attaques,62,2,2,2000,33.9752407153,16298,14.8471615721,39.192139738,R
62080,62450,Bapaume,62,1,13,4106,22.0926465824,14360,15.4829545455,37.5,C
62126,62660,Beuvry,62,1,13,2336,30.3137951451,16481,13.2530120482,34.9397590361,B
62133,62420,Billy-Montigny,62,1,18,2388,27.6633313714,12738,16.2551440329,40.6378600823,B
62148,62320,Bois-Bernard,62,1,3,809,43.5510887772,19038,7.61421319797,22.0812182741,B
62170,62172,Bouvigny-Boyeffles,62,2,6,2449,38.2799325464,19110,7.74021352313,19.5729537367,B
62193,62100,Calais,62,1,130,2207,12.8299120235,7196,42.7937915743,47.4501108647,C
62195,62350,Calonne-sur-la-Lys,62,1,3,1603,33.4529147982,16608,8.61618798956,40.4699738903,B
62232,62150,La Comté,62,1,1,830,36.6776315789,17483,10.3535353535,19.1919191919,R
62250,62710,Courrières,62,1,21,2546,27.0879120879,11984,20.1550387597,34.011627907,B
62263,62000,Dainville,62,3,15,2522,41.9878296146,21200,7.98403193613,20.1596806387,B
62272,62116,Douchy-lès-Ayette,62,1,1,321,35.6557377049,17059,9.3023255814,47.0930232558,R
62289,62170,Écuires,62,1,6,784,41.2969283276,18321,4.2735042735,17.094017094,B
62321,62141,Évin-Malmaison,62,2,8,4530,29.2010145847,13721,17.8223185265,39.9783315276,B
62329,62250,Ferques,62,1,7,1865,26.4797507788,14443,13.723150358,31.7422434368,B
62392,62128,Guémappe,62,1,14,359,49.4339622642,19715,3.20855614973,14.9732620321,R
62446,62360,Hesdigneul-lès-Boulogne,62,1,3,696,38.6554621849,19062,9.60960960961,33.9339339339,R
62498,62300,Lens,62,2,49,675,16.8161434978,9022,38.1818181818,40.6060606061,C
62510,62800,Liévin,62,1,64,1654,37.870296237,17450,13.5329341317,29.5808383234,C
62531,62610,Louches,62,1,2,904,41.3629160063,15738,9.47867298578,24.8815165877,R
62570,62680,Méricourt,62,1,18,1891,29.9051787017,15122,19.1176470588,30.1470588235,B
62609,62580,Neuville-Saint-Vaast,62,1,3,1458,53.0612244898,23190,5.90778097983,18.5878962536,R
62637,62590,Oignies,62,1,16,2035,33.9798850575,16825,17.1276595745,32.0212765957,B
62706,62136,Richebourg,62,1,7,2407,41.2698412698,20688,7.63948497854,16.9098712446,B
62769,62185,Saint-Tricat,62,1,3,661,44.3965517241,19590,11.2804878049,14.3292682927,R
62771,62430,Sallaumines,62,1,14,2027,20.7671957672,12238,23.698630137,37.1232876712,B
62801,62153,Souchez,62,1,6,2459,42.5331858407,19421,9.77891156463,19.3027210884,B
62826,62520,Le Touquet-Paris-Plage,62,1,32,2282,44.5808862787,23280,12.5282167043,13.9954853273,B
62877,62760,Warlincourt-lès-Pas,62,1,NA,150,34.9514563107,18610,2.7397260274,34.2465753425,R
63014,63170,Aubière,63,2,34,1953,44.8951048951,23429,8.90151515152,10.6060606061,B
63032,63110,Beaumont,63,2,24,2039,52.2905759162,22611,10.3842159917,14.0186915888,B
63063,63118,Cébazat,63,1,12,2063,33.2931968694,23728,4.56226880395,16.522811344,B
63075,63400,Chamalières,63,3,44,2115,62.721171446,27695,10.1321585903,9.140969163,B
63093,63410,Charbonnières-les-Vieilles,63,1,2,959,34.6361185984,18365,8.44155844156,36.1471861472,R
63113,63000,Clermont-Ferrand,63,3,390,3020,30.6576402321,9174,23.944742901,30.0844205679,C
63113,63100,Clermont-Ferrand,63,2,390,3020,30.6576402321,9174,23.944742901,30.0844205679,C
63193,63370,Lempdes,63,1,34,2280,40.9305064782,19899,7.60869565217,20.652173913,B
63287,63500,Les Pradeaux,63,1,2,304,34.8936170213,16837,10.5590062112,37.2670807453,R
63290,63230,Pulvérières,63,1,1,367,28.4722222222,16180,5.85106382979,28.1914893617,R
63307,63540,Romagnat,63,1,26,2544,39.1326794011,19970,9.31677018634,19.6983141083,B
63345,63122,Saint-Genès-Champanelle,63,1,13,3101,50.864422202,22550,5.2467207995,14.5534041224,R
64005,64360,Abos,64,1,3,482,32.1621621622,20949,7.72727272727,35.4545454545,R
64024,64600,Anglet,64,2,92,2533,49.6043521266,21505,8.87931034483,20.5172413793,C
64102,64100,Bayonne,64,3,117,2440,54.4579533941,20577,9.81932443048,15.4752553024,C
64122,64200,Biarritz,64,1,74,1559,52.6392961877,21408,15.6451612903,12.0967741935,B
64189,64500,Ciboure,64,1,27,3666,43.4739289273,19232,12.1703853955,20.2839756592,B
64399,64121,Montardon,64,1,9,2277,55.5027173913,22495,6.96798493409,16.9491525424,B
64407,64990,Mouguerre,64,1,6,4656,45.6775351481,20522,6.68693009119,19.8002605297,B
64445,64000,Pau,64,4,197,2248,30.0307692308,12411,16.0264900662,26.8874172185,C
64504,64310,Sare,64,1,9,2434,32.1334039174,17111,6.71902268761,33.5078534031,R
65226,65420,Ibos,65,1,9,2774,42.0950533463,21038,9.23482849604,17.9419525066,R
65338,65200,Orignac,65,1,2,232,30.8510638298,14907,5.04201680672,16.8067226891,R
65377,65300,Réjaumont,65,1,1,176,41.0071942446,18870,4.1095890411,15.0684931507,R
65395,65270,Saint-Pé-de-Bigorre,65,1,5,1261,31.6923076923,17686,15.2475247525,25.5445544554,R
65400,65400,Salles,65,3,NA,197,30.8176100629,15765,8.69565217391,27.1739130435,R
65417,65600,Séméac,65,1,18,4814,40.3638281044,19226,11.924381968,20.1648085313,B
66008,66700,Argelès-sur-Mer,66,2,49,3053,32.5020441537,17112,13.3624454148,14.3231441048,C
66029,66300,Caixas,66,2,1,129,59.8130841121,16975,22.4489795918,32.6530612245,R
66037,66140,Canet-en-Roussillon,66,1,38,3779,40.466562986,16796,21.2058212058,15.6618156618,I
66042,66720,Cassagnes,66,1,1,257,35.7487922705,14131,12.2448979592,32.6530612245,R
66065,66200,Elne,66,1,31,3127,27.8674225905,14603,13.9220365951,27.6849642005,C
66136,66000,Perpignan,66,4,226,2630,55.55028463,17734,21.2546816479,12.8277153558,C
66136,66100,Perpignan,66,1,226,2630,55.55028463,17734,21.2546816479,12.8277153558,C
66144,66450,Pollestres,66,1,16,4260,40.8432571612,18248,11.9215291751,24.5975855131,I
66148,66660,Port-Vendres,66,1,17,1980,35.5040701315,14436,20.3007518797,27.0676691729,B
66172,66240,Saint-Estève,66,1,33,2167,48.9158163265,16893,11.7647058824,15.8187599364,B
66174,66170,Saint-Féliu-d'Avall,66,1,9,2444,35.3651839649,16591,10.338835795,34.3179843614,B
66175,66740,Saint-Génis-des-Fontaines,66,1,11,2792,29.1941875826,17340,14.8232611174,17.1037628278,I
66180,66250,Saint-Laurent-de-la-Salanque,66,1,21,2864,26.6168059833,16587,13.506012951,25.1618871415,C
66189,66280,Saleilles,66,1,15,4455,44.8032883147,19946,10.8531317495,15.4427645788,I
66195,66270,Le Soler,66,1,21,2614,34.0189873418,17051,10.6965174129,25.7048092869,B
67097,67370,Dingsheim,67,1,2,1305,60.9110169492,28094,2.51677852349,8.72483221477,C
67118,67201,Eckbolsheim,67,1,15,3649,47.5659606094,23328,6.35097493036,15.7660167131,B
67131,67114,Eschau,67,1,19,4807,45.6179153995,24087,6.15572768039,18.6710150836,B
67180,67500,Haguenau,67,2,73,1976,48.3552631579,23657,3.125,22.75390625,C
67196,67600,Hilsenheim,67,1,9,2515,35.3040540541,20019,6.97292863002,30.3527481542,I
67218,67400,Illkirch-Graffenstaden,67,2,56,2570,56.2937062937,24102,10.0229533282,15.3787299158,B
67267,67380,Lingolsheim,67,1,31,3242,44.505066251,19771,8.45245494096,22.0633934121,B
67268,67640,Lipsheim,67,1,5,2515,49.594375338,23923,5.65610859729,18.0995475113,B
67285,67150,Matzenheim,67,1,3,1469,41.7374881964,21783,7.46666666667,28,R
67309,67450,Mundolsheim,67,1,15,2486,47.650273224,23596,7.72325020113,20.9171359614,B
67335,67520,Nordheim,67,1,3,790,43.0976430976,23641,3.86597938144,18.8144329897,R
67447,67300,Schiltigheim,67,1,51,2962,27.4378585086,13277,18.1234963913,37.690457097,B
67482,67000,Strasbourg,67,9,549,2002,25.700280112,12065,23.4539089848,35.3558926488,C
67482,67100,Strasbourg,67,2,549,2002,25.700280112,12065,23.4539089848,35.3558926488,C
67482,67200,Strasbourg,67,1,549,2002,25.700280112,12065,23.4539089848,35.3558926488,C
67525,67310,Westhoffen,67,1,5,1620,33.9094650206,19958,4.18160095579,29.1517323775,R
67545,67230,Witternheim,67,1,1,515,35.1206434316,20184,7.49063670412,27.34082397,R
68008,68280,Appenwihr,68,1,1,554,44.2307692308,21456,6.78571428571,26.4285714286,R
68066,68000,Colmar,68,1,152,3182,32.2513524761,17311,15.0644783118,31.8874560375,C
68270,68120,Richwiller,68,1,12,3389,36.6756652526,21369,8.91148325359,24.6411483254,B
68271,68400,Riedisheim,68,1,31,3016,44.7844827586,21106,11.4184397163,22.3404255319,B
68276,68500,Rimbachzell,68,1,NA,221,36.5384615385,17845,7.20720720721,39.6396396396,R
68385,68230,Zimmerbach,68,1,3,860,51.8126888218,24476,5.43209876543,19.012345679,R
69032,69210,Bully,69,1,5,2062,41.0764872521,20537,6.13496932515,20.245398773,B
69034,69300,Caluire-et-Cuire,69,2,75,1787,48.1811432814,22474,6.55976676385,14.2857142857,B
69044,69260,Charbonnières-les-Bains,69,1,12,4675,68.5362095532,32235,6.38188368502,9.881626351,B
69048,69700,NA,NA,1,2,NA,NA,NA,NA,NA,NA
69096,69520,Grigny,69,1,22,3718,27.959892017,17539,12.6815642458,34.6927374302,B
69142,69350,La Mulatière,69,1,21,2015,47.0833333333,17423,17.3036093418,26.4331210191,B
69159,69400,Porte des Pierres Dorées,69,1,3,887,49.6763754045,20958,5.11111111111,12.2222222222,B
69167,69640,Rivolet,69,1,1,551,47.5324675325,18932,6.12244897959,19.7278911565,R
69205,69290,Saint-Genis-les-Ollières,69,1,10,4679,57.3830632834,25373,5.66037735849,9.08293111014,B
69206,69830,Saint-Georges-de-Reneins,69,1,10,4196,35.1053159478,18779,7.6848719188,32.2861285645,B
69260,69390,Vernaison,69,2,12,4452,46.2010992564,21919,8.89309366131,22.280037843,B
69266,69100,Villeurbanne,69,3,244,2357,30.8256880734,13305,20.1729106628,28.9145052834,B
69275,69150,Décines-Charpieu,69,1,56,3536,40.8759124088,18869,8.44991606044,23.503077784,B
69277,69740,Genas,69,3,29,3043,45.2908587258,23604,6.6889632107,14.2474916388,B
69290,69800,Saint-Priest,69,1,89,2330,41.1334552102,19236,10.2316602317,21.6216216216,B
69382,69002,Lyon 2e arrondissement,69,1,1,2395,81.3134732566,27699.0,10.9141791045,7.369402985070000,R
69383,69003,Lyon 3e arrondissement,69,3,6,1799,79.3317793318,31841.0,7.35455543359,6.366630076840000,B
69384,69004,Lyon 4e arrondissement,69,4,2,2741,57.2645290581,25847.0,7.32984293194,10.919970082300000,B
69385,69005,Lyon 5e arrondissement,69,1,NA,1708,60.7255520505,19221.0,12.8086419753,21.6049382716,B
69387,69007,Lyon 7e arrondissement,69,2,14,2681,47.488584474900000,16888.0,13.519021739100000,19.089673913,B
69388,69008,Lyon 8e arrondissement,69,1,3,2567,28.9241622575,10235.0,24.499089253200000,32.695810564700000,R
69389,69009,Lyon 9e arrondissement,69,1,22,2809,50.253549695700000,16955.0,12.415196743600000,17.1641791045,B
70124,70100,Champtonnay,70,1,NA,87,27.868852459,15671,10,40,R
70286,70150,Hugier,70,2,NA,131,44.4444444444,19414,4.41176470588,32.3529411765,R
70324,70000,Mailley-et-Chazelot,70,1,NA,592,42.2727272727,19011,5.62913907285,24.1721854305,R
70330,70400,Mandrevillars,70,2,NA,216,40.9395973154,21139,4.62962962963,18.5185185185,R
70414,70290,Plancher-les-Mines,70,1,4,1097,24.6376811594,15988,9.55414012739,34.1825902335,B
70577,70200,Vouhenans,70,1,NA,403,38.698630137,18212,10.3448275862,29.5566502463,R
71126,71960,Chevagny-les-Chevrières,71,2,3,611,63.2941176471,28700,4.62633451957,13.1672597865,B
71250,71870,Laizé,71,1,3,1042,42.8769017981,20977,2.2641509434,14.7169811321,R
71253,71380,Lans,71,1,2,875,34.5483359746,19742,6.23655913979,29.8924731183,R
71269,71100,Lux,71,1,3,1753,38.04267844,19044,11.8032786885,26.0109289617,B
71296,71390,Messey-sur-Grosne,71,1,5,745,37.236084453,18632,5.80110497238,26.2430939227,R
71484,71500,Saint-Usuge,71,1,2,1189,25.6465517241,15617,8.51063829787,32.1083172147,R
72082,72610,NA,NA,1,1,NA,NA,NA,NA,NA,NA
72181,72000,Le Mans,72,6,338,2483,45.4212454212,18915,11.421319797,14.9746192893,C
72181,72100,Le Mans,72,1,338,2483,45.4212454212,18915,11.421319797,14.9746192893,C
72191,72360,Mayet,72,1,7,3188,24.8472505092,16534,11.5384615385,33.1538461538,I
72301,72290,NA,NA,1,4,NA,NA,NA,NA,NA,R
72303,72440,Saint-Michel-de-Chavaignes,72,1,1,795,23.185840708,15667,8.78186968839,36.2606232295,R
72310,72190,Saint-Pavace,72,1,7,1840,51.3782542113,25272,4.85549132948,15.1445086705,B
73027,73470,Ayn,73,1,2,348,40.562248996,16913,4.66666666667,8,R
73029,73000,Barberaz,73,4,10,4635,52.5129982669,22039,8.47228481298,17.8008111762,B
73059,73100,Brison-Saint-Innocent,73,1,7,2143,53.6600496278,24079,7.13476783692,15.288788222,B
73080,73300,NA,NA,1,11,NA,NA,NA,NA,NA,B
73092,73160,Corbel,73,1,4,135,57.8431372549,20139,8.21917808219,10.9589041096,R
73126,73210,NA,NA,1,2,NA,NA,NA,NA,NA,R
73171,73800,Montmélian,73,2,19,4042,37.3869346734,17051,9.43584623065,36.7948077883,C
73179,73290,La Motte-Servolex,73,1,32,3564,41.796875,19812,9.71264367816,22.5862068966,B
73222,73230,Saint-Alban-Leysse,73,1,26,2790,47.4686716792,22378,8.62068965517,19.5402298851,B
73238,73410,NA,NA,1,NA,NA,NA,NA,NA,NA,NA
74004,74540,Allèves,74,1,NA,357,45.5284552846,18260,5.68181818182,34.0909090909,R
74010,74000,Annecy,74,5,163,1776,57.619047619,23500,13.3409350057,13.9110604333,C
74104,74210,Doussard,74,1,14,3473,45.6078431373,21242,5.30821917808,19.2922374429,B
74116,74800,Etaux,74,1,5,1681,48.9251934652,25321,3.300330033,18.0418041804,B
74124,74160,Feigères,74,1,2,1457,58.6444007859,32340,6.13915416098,14.0518417462,R
74154,74500,Lugrin,74,1,4,2260,34.3220338983,22353,8.46968238691,23.0991337825,B
74163,74200,Margencel,74,1,3,1758,38.707165109,22733,5.31453362256,27.3318872017,B
74182,74960,NA,NA,1,18,NA,NA,NA,NA,NA,NA
74242,74410,Saint-Jorioz,74,1,14,2776,53.2583216128,24498,7.2451558551,14.8272957035,B
74312,74130,Vougy,74,1,4,1451,29.2275574113,19639,7.64248704663,49.7409326425,B
75101,75001,Paris,75,2,53,2389,79.5515216231,29661.0,9.36657681941,2.8975741239900000,C
75102,75002,Paris,75,1,82,2053,74.7222222222,30068.0,13.613445378200000,6.218487394960000,C
75104,75004,Paris,75,2,44,1744,74.9450549451,27393.0,13.047445255500000,3.74087591241,C
75105,75005,Paris,75,4,107,2627,84.7404627892,43481.0,8.69955156951,1.88340807175,C
75106,75006,Paris,75,1,71,1866,83.6332476435,43834.0,5.795148247980000,5.795148247980000,C
75108,75008,Paris,75,2,85,2602,79.7790055249,47216.0,6.68202764977,5.529953917050000,C
75110,75010,Paris,75,2,126,2002,64.5903859174,22097.0,16.484318016,12.1079504012,C
75111,75011,Paris,75,5,188,1850,61.0342316096,22435.0,11.6279069767,11.046511627900000,C
75112,75012,Paris,75,4,243,2136,76.2081784387,30809.0,9.744408945690000,4.7124600639,C
75113,75013,Paris,75,7,286,3737,58.9773614364,20099.0,10.7302533532,8.24639841033,C
75114,75014,Paris,75,3,192,1902,81.393728223,31390.0,6.14973262032,2.406417112300000,C
75115,75015,Paris,75,10,291,2438,84.1553637485,40422.0,6.71085335543,2.3198011599,C
75116,75016,Paris,75,23,232,1727,82.9173166927,43597.0,9.383378016090000,4.55764075067,C
75118,75018,Paris,75,2,204,2563,61.3375130617,14565.0,11.7942283563,13.6135508156,C
75119,75019,Paris,75,4,206,3730,43.1683168317,12129.0,18.951392681600000,14.8552703441,C
75120,75020,Paris,75,9,201,2538,75.47460236020000,25416.0,10.4468219006,5.60100692259,C
76087,76560,Berville-en-Caux,76,1,1,544,29.0909090909,16997,8.33333333333,34.8484848485,R
76103,76240,Bonsecours,76,1,15,2631,46.1099585062,20256,9.89096573209,13.785046729,B
76116,76520,Boos,76,1,11,3168,41.3953488372,21062,7.03269586675,22.2085132634,B
76157,76380,Canteleu,76,1,25,1871,23.0050323508,15691,16.1825726141,29.7372060858,B
76213,76110,Daubeuf-Serville,76,1,1,378,31.8518518519,17238,7.60869565217,30.4347826087,R
76240,76400,Épreville,76,1,3,1001,30.5797101449,19093,4.81171548117,25.5230125523,R
76349,76550,Hautot-sur-Mer,76,1,7,1976,33.7154416723,19260,10.2622576967,31.3568985177,C
76351,76600,Le Havre,76,2,271,1828,30.8695652174,16487,14.87236404,28.1908990011,C
76447,76290,Montivilliers,76,1,35,1819,37.9984951091,22736,8.18713450292,19.0643274854,B
76451,76130,Mont-Saint-Aignan,76,3,41,2244,56.8396226415,19084,23.7827715356,14.9812734082,B
76517,76230,Quincampoix,76,1,19,3139,48.5185185185,25843,4.51178451178,12.5925925926,B
76540,76100,Rouen,76,1,158,361,42.1245421245,19608,20,22.962962963,C
76540,76000,Rouen,76,5,158,361,42.1245421245,19608,20,22.962962963,C
76552,76310,Sainte-Adresse,76,1,13,1896,57.4391988555,27938,8.58208955224,11.0696517413,B
76596,76700,Saint-Laurent-de-Brèvedent,76,1,7,1415,42.8432327167,23036,5.08982035928,23.0538922156,B
76681,76300,Sotteville-lès-Rouen,76,1,48,2643,42.8005937655,20438,7.06134094151,18.544935806,B
77018,77700,Bailly-Romainvilliers,77,1,16,6147,63.4575026233,22611,6.53780557135,10.4604889142,B
77040,77310,Boissise-le-Roi,77,1,12,3599,45.6263899185,27484,4.76493011436,15.1207115629,B
77122,77380,Combs-la-Ville,77,1,39,1368,44.9275362319,23932,7.76566757493,15.5313351499,B
77169,77184,Émerainville,77,1,13,4171,55.7371349096,22715,8.3596214511,16.2460567823,B
77211,77720,Grandpuits-Bailly-Carrois,77,1,4,977,31.3868613139,20427,9.05432595573,28.1690140845,R
77243,77400,Lagny-sur-Marne,77,1,30,1855,56.3401670463,25893,7.38045738046,15.0727650728,B
77255,77000,Livry-sur-Seine,77,1,4,1910,39.2857142857,25409,6.67447306792,14.9882903981,B
77258,77185,Lognes,77,1,34,1963,54.8942834769,21308,9.86425339367,13.1221719457,B
77259,77230,Longperrier,77,1,3,2370,40.6955460647,22023,7.1480671043,16.1925601751,B
77373,77340,Pontault-Combault,77,1,49,4,100,21473,0,0,B
77445,77176,Savigny-le-Temple,77,1,42,4657,48.9208633094,18910,11.0785953177,18.143812709,B
77463,77810,Thomery,77,1,10,3425,54.4016227181,25392,6.22641509434,12.8301886792,B
77467,77130,La Tombe,77,1,1,214,34.5679012346,21122,6.48148148148,11.1111111111,R
77480,77830,Valence-en-Brie,77,1,1,919,31.4475873544,20209,8.75912408759,24.8175182482,R
77491,77250,NA,NA,1,15,NA,NA,NA,NA,NA,R
77495,77240,Vert-Saint-Denis,77,1,22,2293,40.3361344538,23140,8.05214723926,19.6319018405,B
78005,78260,Achères,78,1,35,4135,46.582278481,19390,8.80312228968,19.2541196878,B
78020,78790,Arnouville-lès-Mantes,78,1,2,840,53.231292517,25603,5.38116591928,14.798206278,R
78245,78200,Fontenay-Mauvoisin,78,1,1,424,56.0137457045,28393,5.07614213198,16.7512690355,R
78263,78950,Gambais,78,1,15,2457,55.7151406344,28308,5.49630844955,10.0082034454,R
78290,78520,Guernes,78,1,2,1012,42.3776223776,22578,7.69230769231,11.7216117216,R
78344,78270,Lommoye,78,1,1,631,47.0167064439,23092,3.27380952381,11.6071428571,R
78356,78114,Magny-les-Hameaux,78,1,28,1810,39.8312236287,17806,12.3583934089,19.8764160659,B
78416,78440,Montalet-le-Bois,78,1,68,321,42.7906976744,24442,4.87804878049,23.7804878049,R
78423,78180,Montigny-le-Bretonneux,78,1,55,2713,76.5374677003,28530,7.66530134582,5.14921006437,B
78490,78370,Plaisir,78,3,55,3281,47.0783847981,20560,9.20547945205,18.1369863014,B
78524,78150,NA,NA,1,5,NA,NA,NA,NA,NA,NA
78531,78710,Rosny-sur-Seine,78,1,12,5454,38.0068009417,21084,9.16349809886,25.0950570342,C
78586,78500,Sartrouville,78,1,63,2241,29.3832293832,12967,19.5372750643,28.1062553556,B
78642,78480,Verneuil-sur-Seine,78,2,23,3870,54.2877646215,25769,6.90200210748,9.43097997893,B
78646,78000,Versailles,78,1,133,1810,70.0453857791,30492,7.51515151515,7.75757575758,B
78650,78110,Le Vésinet,78,1,17,3339,72.6640591047,32672,5.39280958722,4.86018641811,B
78686,78220,Viroflay,78,1,23,2243,72.2222222222,31551,5.34670008354,5.34670008354,B
79034,79000,Bessines,79,2,6,1585,46.4285714286,22770,6.14379084967,15.1633986928,B
79058,79230,Brûlain,79,1,1,674,27.7327935223,17661,9.28143712575,33.8323353293,R
79214,79500,NA,NA,1,NA,NA,NA,NA,NA,NA,NA
79293,79410,Saint-Rémy,79,1,3,1043,44.2257217848,20588,7.18132854578,21.5439856373,R
80021,80080,Amiens,80,1,292,862,50.4145936982,17779,13.3630289532,20.0445434298,C
80021,80000,Amiens,80,2,292,862,50.4145936982,17779,13.3630289532,20.0445434298,C
80021,80090,Amiens,80,4,292,862,50.4145936982,17779,13.3630289532,20.0445434298,C
80161,80132,Cahon,80,1,NA,214,37.5,17627,8.73786407767,34.9514563107,R
80182,80410,Cayeux-sur-Mer,80,1,13,2813,21.4223764094,15042,19.5283018868,38.4905660377,I
80237,80110,Démuin,80,1,2,472,40.7854984894,19591,5.76131687243,26.3374485597,R
80415,80134,Hangest-en-Santerre,80,1,3,1029,30.3921568627,18633,7.67634854772,34.0248962656,R
80500,80220,Maisnières,80,1,1,512,30.5483028721,15774,9.09090909091,49.7835497835,R
80696,80680,Sains-en-Amiénois,80,1,11,1183,61.4386792453,27960,4.91803278689,13.8433515483,R
80823,80170,Warvillers,80,1,NA,130,28.7234042553,19448,14.9253731343,62.6865671642,R
81004,81000,Albi,81,3,154,3509,46.5497076023,21155,5.41290770298,12.907702984,C
81040,81440,Brousse,81,2,1,342,37.6033057851,15064,8.92857142857,16.6666666667,R
81049,81540,Cahuzac,81,1,1,348,44.3729903537,15433,12.0879120879,30.7692307692,R
81063,81150,Castelnau-de-Lévis,81,1,8,1501,40.8611599297,19173,7.52351097179,18.1818181818,B
81065,81100,Castres,81,1,119,2098,21.3315217391,11270,30,43.5526315789,C
81098,81570,Fréjeville,81,1,3,644,38.1374722838,18056,3.19488817891,25.8785942492,R
81187,81300,Moulayrès,81,1,1,174,30.8823529412,16044,8.98876404494,39.3258426966,R
81261,81500,Saint-Lieux-lès-Lavaur,81,2,2,844,44.2567567568,18992,6.20689655172,19.0804597701,R
82121,82000,Montauban,82,2,169,1999,38.1872213967,16339,10.3896103896,25.5102040816,C
83008,83600,Bagnols-en-Forêt,83,1,8,2406,39.8068669528,19931,10.3412616339,21.9234746639,I
83016,83330,Le Beausset,83,2,22,2938,44.9378330373,20858,8.64297253635,11.6316639742,B
83037,83170,La Celle,83,1,4,1293,42.1923474664,18483,12.0263591433,14.1680395387,B
83050,83001,Draguignan,83,1,107,4475,45.7493426819,17248,13.8790035587,18.8103711235,C
83062,83130,La Garde,83,3,63,2265,28.0303030303,13628,15.157480315,27.657480315,B
83077,83136,Méounes-lès-Montrieux,83,1,6,1947,45.4289732771,18755,10.706401766,12.582781457,R
83094,83120,Le Plan-de-la-Tour,83,1,12,2859,38.7441860465,18432,13.1766381766,20.5128205128,I
83123,83110,Sanary-sur-Mer,83,1,32,2548,39.3763919822,17910,15.2892561983,13.6363636364,B
83126,83500,La Seyne-sur-Mer,83,1,87,2853,45.92760181,19409,11.7900172117,18.5025817556,B
83133,83440,Tanneron,83,1,7,1471,39.7447584321,19332,8.61027190332,14.501510574,R
83137,83100,Toulon,83,2,243,2086,43.1446540881,20771,10.864978903,15.7172995781,C
83137,83000,Toulon,83,5,243,2086,43.1446540881,20771,10.864978903,15.7172995781,C
84007,84000,Avignon,84,5,181,3344,49.7550111359,15427,25.2463054187,19.0270935961,C
84023,84480,Buoux,84,1,NA,122,60,19108,10.3448275862,22.4137931034,R
84031,84200,Carpentras,84,2,66,3259,34.2528735632,14242,16.8924302789,30.7569721116,B
84043,84320,Entraigues-sur-la-Sorgue,84,1,12,3052,41.7322834646,18166,8.77551020408,24.2176870748,B
84060,84400,Lagarde-d'Apt,84,1,NA,37,51.724137931,16508,5.88235294118,23.5294117647,R
84087,84100,Orange,84,1,56,3541,40.1898734177,18363,10.5671641791,22.3880597015,B
84124,84800,Saumane-de-Vaucluse,84,2,2,829,49.1883116883,19836,10.2777777778,20,B
84131,84300,Taillades,84,1,5,1956,40.9333333333,19940,6.81551116334,15.5111633373,B
84141,84270,Vedène,84,1,31,2113,37.8412698413,18737,12.4432334242,23.8873751135,B
84142,84740,Velleron,84,1,12,3007,42.6121372032,18807,11.0782865583,20.1624815362,B
85026,85430,La Boissière-des-Landes,85,1,4,1283,39.524838013,17640,11.3235294118,25,R
85060,85180,NA,NA,1,2,NA,NA,NA,NA,NA,NA
85088,85800,Le Fenouiller,85,1,6,4284,32.1852731591,18864,8.52878464819,31.9829424307,B
85101,85540,Le Givre,85,1,NA,424,40.3846153846,16799,10.3626943005,33.1606217617,R
85114,85520,Jard-sur-Mer,85,1,10,2497,24.500907441,19808,14.0243902439,16.3109756098,C
85130,85190,Maché,85,2,3,1337,29.5704295704,16939,9.81507823613,46.6571834993,R
85166,85340,NA,NA,1,25,NA,NA,NA,NA,NA,NA
85179,85440,Poiroux,85,1,2,873,35.6923076923,15597,12.4105011933,33.1742243437,R
85191,85000,La Roche-sur-Yon,85,3,137,4255,35.2393189849,16489,11.8219037871,26.7144319345,I
85284,85300,Soullans,85,1,7,4058,28.6458333333,17521,9.07617504052,33.8735818476,B
86014,86530,Availles-en-Châtellerault,86,1,4,1581,37.8708551483,20232,5.91133004926,32.5123152709,R
86041,86180,Buxerolles,86,1,25,3111,58.3067819754,20603,10.5327617881,12.7372933252,B
86100,86240,Fontaine-le-Comte,86,1,17,3582,42.3048048048,21207,5.44959128065,18.9100817439,C
86147,86370,Marigny-Chemereau,86,1,NA,531,42.8954423592,16404,2.66159695817,26.6159695817,R
86194,86000,Poitiers,86,5,197,2592,57.0909090909,19773,10.5421686747,11.8222891566,C
87012,87300,Berneuil,87,1,1,414,30.6501547988,13896,6.89655172414,31.5270935961,R
87019,87220,Boisseuil,87,1,12,2613,49.7830802603,22564,5.8999253174,14.787154593,B
87020,87270,Bonnac-la-Côte,87,2,7,1534,41.8732782369,20191,5.8024691358,25.6790123457,R
87085,87100,Limoges,87,2,396,3155,44.094488189,15896,14.5264381174,27.3678094131,C
87085,87000,Limoges,87,2,396,3155,44.094488189,15896,14.5264381174,27.3678094131,C
87174,87260,Saint-Paul,87,1,4,1237,39.0658174098,18427,5.04347826087,20.1739130435,R
87177,87700,Saint-Priest-sous-Aixe,87,1,6,1582,34.4885883347,19630,7.73195876289,27.706185567,B
87192,87110,Solignac,87,1,10,1501,47.7543538038,21541,4.53257790368,21.388101983,R
88046,88600,Beauménil,88,1,NA,126,23.1578947368,18419,6.06060606061,65.1515151515,R
88147,88390,Dommartin-aux-Bois,88,1,1,410,35.3356890459,18051,5.91397849462,34.9462365591,R
88275,88490,Lubine,88,2,1,246,25.9459459459,17397,16.6666666667,48.1481481481,R
88320,88100,Nayemont-les-Fosses,88,1,3,910,46.7275494673,22015,6.66666666667,21.2345679012,B
88327,88440,Nomexy,88,1,8,2191,21.8599033816,14944,15.8940397351,36.6445916115,C
88426,88560,Saint-Maurice-sur-Moselle,88,1,6,1486,22.9184549356,16764,12.6506024096,43.9759036145,B
88459,88170,Soncourt,88,1,1,55,20.7547169811,15759,18.9189189189,32.4324324324,R
88503,88110,Vexaincourt,88,1,NA,203,27.8145695364,16188,18.9189189189,47.2972972973,R
89373,89100,Saligny,89,1,4,664,35.9667359667,21019,8.125,25,R
89416,89520,Thury,89,1,1,456,23.2558139535,17915,5.78034682081,31.7919075145,R
90010,90000,Belfort,90,1,104,2555,31.780167264,15501,19.9419167473,33.5914811229,C
91017,91470,Angervilliers,91,2,3,1638,49.6383363472,25518,4.0490797546,11.9018404908,R
91044,91160,Ballainvilliers,91,1,17,3812,55.9969147705,27483,5.57103064067,11.7548746518,B
91114,91800,Brunoy,91,2,39,4884,35.7868020305,14432,16.1842105263,24.0350877193,B
91122,91440,Bures-sur-Yvette,91,1,17,2469,73.1060606061,31309,6.44796380091,1.80995475113,B
91201,91210,Draveil,91,1,60,2861,48.4437751004,19811,10.2714600147,13.2795304475,B
91228,91000,Évry-Courcouronnes,91,1,99,2972,47.0914127424,13757,17.5716440422,18.3257918552,B
91319,91640,Janvry,91,2,4,594,57.1090047393,28076,6.66666666667,6.34920634921,R
91363,91460,Marcoussis,91,1,26,2156,47.7183833116,25383,9.51008645533,13.5446685879,B
91377,91300,Massy,91,3,72,4005,41.170212766,18265,14.26448737,19.1183754334,B
91425,91310,Montlhéry,91,1,19,6743,47.3219782475,24062,6.30605381166,18.2735426009,B
91432,91420,Morangis,91,1,16,2840,44.1045880612,24706,6.41638225256,14.9488054608,B
91457,91290,La Norville,91,1,15,4101,53.6777283613,26641,6.82788051209,12.6600284495,B
91521,91130,Ris-Orangis,91,1,42,680,34.8668280872,14674,7.07070707071,27.2727272727,B
91573,91280,Saint-Pierre-du-Perray,91,1,25,8083,55.2957093158,24111,6.92435380602,11.429926488,B
91617,91250,Tigery,91,2,6,2532,61.0357583231,25131,6.58465991317,9.04486251809,I
91679,91190,Villiers-le-Bâcle,91,1,5,1178,65.0617283951,29697,5.52922590837,8.5308056872,B
91687,91170,Viry-Châtillon,91,1,41,2255,49.1898148148,24532,7.6263924593,12.5107112254,B
91692,91940,Les Ulis,91,2,50,3194,49.5871782419,17689,8.59329017069,15.8328428487,B
92002,92160,Antony,92,3,84,2127,73.3500942803,35150,4.7619047619,1.88492063492,B
92004,92600,Asnières-sur-Seine,92,1,74,1595,46.8937875752,15410,15.5133928571,20.4241071429,B
92012,92100,Boulogne-Billancourt,92,1,111,2431,80.1951779564,38097,10.1785714286,3.30357142857,B
92022,92370,Chaville,92,1,30,1743,57.7828397874,20826,5.43806646526,9.36555891239,B
92023,92140,Clamart,92,1,55,2376,69.8570540709,33324,5.40780141844,2.48226950355,B
92025,92700,Colombes,92,1,77,1727,26.4883520276,15013,16.8956043956,25.8241758242,B
92026,92400,Courbevoie,92,1,82,2433,71.420518602,27942,8.55161787365,7.08782742681,B
92035,92250,La Garenne-Colombes,92,1,50,2596,61.12,28956,8.0497382199,9.94764397906,B
92044,92300,Levallois-Perret,92,1,67,1745,65.99535244,28416,5.92334494774,4.18118466899,B
92049,92120,Montrouge,92,3,37,2045,75.3333333333,31333,8.42696629213,2.62172284644,B
92050,92000,Nanterre,92,2,97,2272,65.0909090909,25083,7.20848056537,9.75265017668,B
92063,92500,Rueil-Malmaison,92,1,87,2385,46.6748017084,20213,10.036900369,9.22509225092,B
92071,92330,Sceaux,92,1,29,2619,80.1801801802,38954,5.36626916525,2.6405451448,B
92072,92310,Sèvres,92,1,36,2597,73.0425055928,29058,6.15280594997,6.82893847194,B
92073,92150,Suresnes,92,1,67,3277,66.9833729216,28940,7.43651753325,6.46916565901,B
92075,92170,Vanves,92,2,40,2068,49.1929824561,21834,6.24426078972,13.2231404959,B
93001,93300,Aubervilliers,93,1,82,2258,27.9627163782,9987,20.1860465116,31.0697674419,B
93005,93600,Aulnay-sous-Bois,93,1,93,2675,51.3526570048,22965,12.136627907,11.3372093023,B
93007,93150,Le Blanc-Mesnil,93,1,41,2320,36.4809782609,15054,17.5145954962,19.2660550459,B
93008,93000,Bobigny,93,1,62,1219,32.8193832599,12926,16.4516129032,22.9032258065,B
93031,93800,Épinay-sur-Seine,93,3,45,4240,27.3880597015,11064,22.6737967914,28.5026737968,B
93032,93220,Gagny,93,1,48,1879,29.0096406661,11620,17.5946547884,26.1692650334,B
93048,93100,Montreuil,93,2,100,2590,45.8536585366,14683,16.9034090909,15.7670454545,B
93051,93160,Noisy-le-Grand,93,1,72,2943,52.7096114519,13155,9.64010282776,24.1645244216,B
93053,93130,Noisy-le-Sec,93,1,51,1707,36.64,18435,17.9487179487,19.9300699301,B
93055,93500,Pantin,93,1,60,2779,47.4686716792,17417,13.2731063238,20.0138985407,B
93057,93320,Les Pavillons-sous-Bois,93,1,21,2395,38.3966244726,18708,9.83870967742,15.7258064516,B
93066,93200,Saint-Denis,93,2,119,2554,45.6238361266,14068,12.0202751629,23.3888486604,B
93066,93210,Saint-Denis,93,1,119,2554,45.6238361266,14068,12.0202751629,23.3888486604,B
93070,93400,Saint-Ouen-sur-Seine,93,1,50,1729,41.1406844106,18254,11.2268518519,28.7037037037,B
93072,93240,Stains,93,1,32,2819,31.4209115282,13543,16.9179229481,29.8157453936,B
93073,93290,Tremblay-en-France,93,1,50,2500,37.1927908247,19688,12.9759129759,17.6379176379,B
93077,93250,Villemomble,93,1,35,2622,53.2946758039,23332,11.7346938776,13.8483965015,B
93078,93420,Villepinte,93,1,47,1680,40.2183039463,21235,9.28481806775,23.5884567127,B
94003,94110,Arcueil,94,1,27,2039,63.6693255983,24383,13.0188679245,8.58490566038,B
94011,94380,Bonneuil-sur-Marne,94,1,24,2273,46.3458110517,22194,11.334002006,16.148445336,B
94015,94360,Bry-sur-Marne,94,1,31,3161,61.2151667428,34978,6.03636363636,6.4,B
94016,94230,Cachan,94,3,40,2519,67.1702498547,25501,11.3914373089,9.09785932722,B
94017,94500,Champigny-sur-Marne,94,2,95,2816,45.8854166667,18883,11.5862068966,20,B
94019,94430,Chennevières-sur-Marne,94,1,24,1974,56.4630681818,25390,7.41784037559,10.234741784,B
94041,94200,Ivry-sur-Seine,94,3,68,2326,47.9616306954,19636,20.3867848509,19.1780821918,B
94042,94340,Joinville-le-Pont,94,2,30,2028,60.886829914,26960,9.98990918264,10.3935418769,B
94043,94270,Le Kremlin-Bicêtre,94,1,38,2821,66.6309012876,23878,10.463018641,7.99759470836,B
94044,94450,Limeil-Brévannes,94,1,36,1987,60.3913630229,19426,6.9018404908,12.3466257669,B
94046,94700,Maisons-Alfort,94,2,75,1738,58.1001472754,22946,10.25390625,11.328125,B
94058,94170,Le Perreux-sur-Marne,94,1,44,2964,65.6745079213,29806,7.31861198738,9.14826498423,B
94067,94160,Saint-Mandé,94,2,32,2272,68.7108886108,37915,7.76699029126,5.56045895852,B
94068,94100,Saint-Maur-des-Fossés,94,3,106,1912,53.4917206623,26381,6.8449197861,11.871657754,B
94076,94800,Villejuif,94,2,69,2803,30.2521008403,14057,20.1674277017,22.3744292237,B
94078,94190,Villeneuve-Saint-Georges,94,1,38,1602,27.4606299213,12787,20.2412868633,30.6970509383,B
94080,94300,Vincennes,94,1,70,3078,72.5890529974,31248,7.3583906829,6.29962943356,B
94081,94400,Vitry-sur-Seine,94,1,82,1821,25.8620689655,13614,13.0081300813,18.3507549361,B
95018,95100,Argenteuil,95,1,105,4001,46.9409660107,19170,12.5521074572,23.946271422,B
95056,95270,Belloy-en-France,95,1,5,1864,40.7120743034,23778,5.13078470825,17.3038229376,C
95060,95550,Bessancourt,95,1,13,2124,26.9908386187,17322,11.8982742961,27.1571298819,B
95074,95000,Boisemont,95,1,2,740,57.3896353167,29467,9.87012987013,9.35064935065,R
95197,95170,Deuil-la-Barre,95,1,27,2033,48.4788359788,22469,10.4145601618,8.69565217391,B
95205,95440,Écouen,95,1,10,2015,45.1724137931,23554,7.76255707763,16.8949771689,B
95211,95300,Ennery,95,1,10,2220,40.2055622733,25497,3.8752362949,12.2873345936,R
95218,95610,Éragny,95,1,22,2411,58.9728793999,27443,5.00736377025,7.73195876289,B
95306,95220,Herblay-sur-Seine,95,1,36,4134,47.893713545,23989,7.58272058824,12.6838235294,B
95323,95280,Jouy-le-Moutier,95,1,32,2284,50.873655914,18891,11.0438729198,16.3388804841,B
95476,95520,Osny,95,1,31,2640,54.2517006803,28789,6.96991929567,11.1518708731,B
95637,95490,Vauréal,95,2,32,3175,42.2893481717,15285,14.7630619684,20.1093560146,B
95658,95450,Vigny,95,1,8,1081,54.1160593792,25391,8.69565217391,11.7202268431,R
97101,97139,NA,NA,2,130,NA,NA,NA,NA,NA,C
97107,97130,NA,NA,1,38,NA,NA,NA,NA,NA,C
97117,97160,NA,NA,1,48,NA,NA,NA,NA,NA,B
97119,97131,NA,NA,1,5,NA,NA,NA,NA,NA,B
97210,97240,NA,NA,1,33,NA,NA,NA,NA,NA,C
97407,97420,NA,NA,2,50,NA,NA,NA,NA,NA,B
97411,97400,NA,NA,1,340,NA,NA,NA,NA,NA,C
97418,97438,NA,NA,1,69,NA,NA,NA,NA,NA,B
97422,97430,NA,NA,2,130,NA,NA,NA,NA,NA,C
974415,97434,NA,NA,2,NA,NA,NA,NA,NA,NA,NA
974415,97435,NA,NA,1,NA,NA,NA,NA,NA,NA,NA
974440,97411,NA,NA,2,340,NA,NA,NA,NA,NA,C
974473,97490,NA,NA,1,NA,NA,NA,NA,NA,NA,NA
2A004,20000,Ajaccio,2A,2,153,3947,32.3735695829,14084,12.4321389794,23.7785016287,I
2A017,20167,Appietto,2A,1,4,1442,44.1310282075,20624,8.46262341326,17.6304654443,B
2B002,20270,Aghione,2B,1,NA,231,25.9668508287,7792,14.2857142857,44.8979591837,R
2B261,20247,Rogliano,2B,1,2,561,37.0526315789,14786,15.3846153846,23.0769230769,R